5749
-10.000 0.000 -10.000 110.000 3.600 -0.600
-10.000 0.000 140.600 110.000 3.600 150.000
-10.000 0.000 -10.000 -0.600 3.600 150.000
100.600 0.000 -10.000 110.000 3.600 150.000
-0.300 0.000 -0.300 0.300 3.600 0.300
-0.001 0.000 -0.300 0.599 3.600 0.300
0.298 0.000 -0.300 0.898 3.600 0.300
0.597 0.000 -0.300 1.197 3.600 0.300
0.896 0.000 -0.300 1.496 3.600 0.300
1.195 0.000 -0.300 1.795 3.600 0.300
1.493 0.000 -0.300 2.093 3.600 0.300
1.792 0.000 -0.300 2.392 3.600 0.300
2.091 0.000 -0.300 2.691 3.600 0.300
2.390 0.000 -0.300 2.990 3.600 0.300
2.689 0.000 -0.300 3.289 3.600 0.300
2.988 0.000 -0.300 3.588 3.600 0.300
3.287 0.000 -0.300 3.887 3.600 0.300
3.586 0.000 -0.300 4.186 3.600 0.300
3.885 0.000 -0.300 4.485 3.600 0.300
4.184 0.000 -0.300 4.784 3.600 0.300
4.483 0.000 -0.300 5.083 3.600 0.300
4.782 0.000 -0.300 5.382 3.600 0.300
5.080 0.000 -0.300 5.680 3.600 0.300
5.379 0.000 -0.300 5.979 3.600 0.300
5.678 0.000 -0.300 6.278 3.600 0.300
5.977 0.000 -0.300 6.577 3.600 0.300
6.276 0.000 -0.300 6.876 3.600 0.300
6.575 0.000 -0.300 7.175 3.600 0.300
6.874 0.000 -0.300 7.474 3.600 0.300
7.173 0.000 -0.300 7.773 3.600 0.300
7.472 0.000 -0.300 8.072 3.600 0.300
7.771 0.000 -0.300 8.371 3.600 0.300
8.070 0.000 -0.300 8.670 3.600 0.300
8.368 0.000 -0.300 8.968 3.600 0.300
8.667 0.000 -0.300 9.267 3.600 0.300
8.966 0.000 -0.300 9.566 3.600 0.300
9.265 0.000 -0.300 9.865 3.600 0.300
9.564 0.000 -0.300 10.164 3.600 0.300
9.863 0.000 -0.300 10.463 3.600 0.300
10.162 0.000 -0.300 10.762 3.600 0.300
10.461 0.000 -0.300 11.061 3.600 0.300
10.760 0.000 -0.300 11.360 3.600 0.300
11.059 0.000 -0.300 11.659 3.600 0.300
11.358 0.000 -0.300 11.958 3.600 0.300
11.657 0.000 -0.300 12.257 3.600 0.300
11.955 0.000 -0.300 12.555 3.600 0.300
12.254 0.000 -0.300 12.854 3.600 0.300
12.553 0.000 -0.300 13.153 3.600 0.300
12.852 0.000 -0.300 13.452 3.600 0.300
13.151 0.000 -0.300 13.751 3.600 0.300
13.450 0.000 -0.300 14.050 3.600 0.300
13.749 0.000 -0.300 14.349 3.600 0.300
14.048 0.000 -0.300 14.648 3.600 0.300
14.347 0.000 -0.300 14.947 3.600 0.300
14.646 0.000 -0.300 15.246 3.600 0.300
14.945 0.000 -0.300 15.545 3.600 0.300
15.243 0.000 -0.300 15.843 3.600 0.300
15.542 0.000 -0.300 16.142 3.600 0.300
15.841 0.000 -0.300 16.441 3.600 0.300
16.140 0.000 -0.300 16.740 3.600 0.300
16.439 0.000 -0.300 17.039 3.600 0.300
16.738 0.000 -0.300 17.338 3.600 0.300
17.037 0.000 -0.300 17.637 3.600 0.300
17.336 0.000 -0.300 17.936 3.600 0.300
17.635 0.000 -0.300 18.235 3.600 0.300
17.934 0.000 -0.300 18.534 3.600 0.300
18.233 0.000 -0.300 18.833 3.600 0.300
18.532 0.000 -0.300 19.132 3.600 0.300
18.830 0.000 -0.300 19.430 3.600 0.300
19.129 0.000 -0.300 19.729 3.600 0.300
19.428 0.000 -0.300 20.028 3.600 0.300
19.727 0.000 -0.300 20.327 3.600 0.300
20.026 0.000 -0.300 20.626 3.600 0.300
20.325 0.000 -0.300 20.925 3.600 0.300
20.624 0.000 -0.300 21.224 3.600 0.300
20.923 0.000 -0.300 21.523 3.600 0.300
21.222 0.000 -0.300 21.822 3.600 0.300
21.521 0.000 -0.300 22.121 3.600 0.300
21.820 0.000 -0.300 22.420 3.600 0.300
22.118 0.000 -0.300 22.718 3.600 0.300
22.417 0.000 -0.300 23.017 3.600 0.300
22.716 0.000 -0.300 23.316 3.600 0.300
23.015 0.000 -0.300 23.615 3.600 0.300
23.314 0.000 -0.300 23.914 3.600 0.300
23.613 0.000 -0.300 24.213 3.600 0.300
23.912 0.000 -0.300 24.512 3.600 0.300
24.211 0.000 -0.300 24.811 3.600 0.300
24.510 0.000 -0.300 25.110 3.600 0.300
24.809 0.000 -0.300 25.409 3.600 0.300
25.108 0.000 -0.300 25.708 3.600 0.300
25.407 0.000 -0.300 26.007 3.600 0.300
25.705 0.000 -0.300 26.305 3.600 0.300
26.004 0.000 -0.300 26.604 3.600 0.300
26.303 0.000 -0.300 26.903 3.600 0.300
26.602 0.000 -0.300 27.202 3.600 0.300
26.901 0.000 -0.300 27.501 3.600 0.300
27.200 0.000 -0.300 27.800 3.600 0.300
27.499 0.000 -0.300 28.099 3.600 0.300
27.798 0.000 -0.300 28.398 3.600 0.300
28.097 0.000 -0.300 28.697 3.600 0.300
28.396 0.000 -0.300 28.996 3.600 0.300
28.695 0.000 -0.300 29.295 3.600 0.300
28.993 0.000 -0.300 29.593 3.600 0.300
29.292 0.000 -0.300 29.892 3.600 0.300
29.591 0.000 -0.300 30.191 3.600 0.300
29.890 0.000 -0.300 30.490 3.600 0.300
30.189 0.000 -0.300 30.789 3.600 0.300
30.488 0.000 -0.300 31.088 3.600 0.300
30.787 0.000 -0.300 31.387 3.600 0.300
31.086 0.000 -0.300 31.686 3.600 0.300
31.385 0.000 -0.300 31.985 3.600 0.300
31.684 0.000 -0.300 32.284 3.600 0.300
31.983 0.000 -0.300 32.583 3.600 0.300
32.282 0.000 -0.300 32.882 3.600 0.300
32.580 0.000 -0.300 33.180 3.600 0.300
32.879 0.000 -0.300 33.479 3.600 0.300
33.178 0.000 -0.300 33.778 3.600 0.300
33.477 0.000 -0.300 34.077 3.600 0.300
33.776 0.000 -0.300 34.376 3.600 0.300
34.075 0.000 -0.300 34.675 3.600 0.300
34.374 0.000 -0.300 34.974 3.600 0.300
34.673 0.000 -0.300 35.273 3.600 0.300
34.972 0.000 -0.300 35.572 3.600 0.300
35.271 0.000 -0.300 35.871 3.600 0.300
35.570 0.000 -0.300 36.170 3.600 0.300
35.868 0.000 -0.300 36.468 3.600 0.300
36.167 0.000 -0.300 36.767 3.600 0.300
36.466 0.000 -0.300 37.066 3.600 0.300
36.765 0.000 -0.300 37.365 3.600 0.300
37.064 0.000 -0.300 37.664 3.600 0.300
37.363 0.000 -0.300 37.963 3.600 0.300
37.662 0.000 -0.300 38.262 3.600 0.300
37.961 0.000 -0.300 38.561 3.600 0.300
38.260 0.000 -0.300 38.860 3.600 0.300
38.559 0.000 -0.300 39.159 3.600 0.300
38.858 0.000 -0.300 39.458 3.600 0.300
39.157 0.000 -0.300 39.757 3.600 0.300
39.455 0.000 -0.300 40.055 3.600 0.300
39.754 0.000 -0.300 40.354 3.600 0.300
40.053 0.000 -0.300 40.653 3.600 0.300
40.352 0.000 -0.300 40.952 3.600 0.300
40.651 0.000 -0.300 41.251 3.600 0.300
40.950 0.000 -0.300 41.550 3.600 0.300
41.249 0.000 -0.300 41.849 3.600 0.300
41.548 0.000 -0.300 42.148 3.600 0.300
41.847 0.000 -0.300 42.447 3.600 0.300
42.146 0.000 -0.300 42.746 3.600 0.300
42.445 0.000 -0.300 43.045 3.600 0.300
42.743 0.000 -0.300 43.343 3.600 0.300
43.042 0.000 -0.300 43.642 3.600 0.300
43.341 0.000 -0.300 43.941 3.600 0.300
43.640 0.000 -0.300 44.240 3.600 0.300
43.939 0.000 -0.300 44.539 3.600 0.300
44.238 0.000 -0.300 44.838 3.600 0.300
44.537 0.000 -0.300 45.137 3.600 0.300
44.836 0.000 -0.300 45.436 3.600 0.300
45.135 0.000 -0.300 45.735 3.600 0.300
45.434 0.000 -0.300 46.034 3.600 0.300
45.733 0.000 -0.300 46.333 3.600 0.300
46.032 0.000 -0.300 46.632 3.600 0.300
46.330 0.000 -0.300 46.930 3.600 0.300
46.629 0.000 -0.300 47.229 3.600 0.300
46.928 0.000 -0.300 47.528 3.600 0.300
47.227 0.000 -0.300 47.827 3.600 0.300
47.526 0.000 -0.300 48.126 3.600 0.300
47.825 0.000 -0.300 48.425 3.600 0.300
48.124 0.000 -0.300 48.724 3.600 0.300
48.423 0.000 -0.300 49.023 3.600 0.300
48.722 0.000 -0.300 49.322 3.600 0.300
49.021 0.000 -0.300 49.621 3.600 0.300
49.320 0.000 -0.300 49.920 3.600 0.300
49.618 0.000 -0.300 50.218 3.600 0.300
49.917 0.000 -0.300 50.517 3.600 0.300
50.216 0.000 -0.300 50.816 3.600 0.300
50.515 0.000 -0.300 51.115 3.600 0.300
50.814 0.000 -0.300 51.414 3.600 0.300
51.113 0.000 -0.300 51.713 3.600 0.300
51.412 0.000 -0.300 52.012 3.600 0.300
51.711 0.000 -0.300 52.311 3.600 0.300
52.010 0.000 -0.300 52.610 3.600 0.300
52.309 0.000 -0.300 52.909 3.600 0.300
52.608 0.000 -0.300 53.208 3.600 0.300
52.907 0.000 -0.300 53.507 3.600 0.300
53.205 0.000 -0.300 53.805 3.600 0.300
53.504 0.000 -0.300 54.104 3.600 0.300
53.803 0.000 -0.300 54.403 3.600 0.300
54.102 0.000 -0.300 54.702 3.600 0.300
54.401 0.000 -0.300 55.001 3.600 0.300
54.700 0.000 -0.300 55.300 3.600 0.300
64.700 0.000 -0.300 65.300 3.600 0.300
64.999 0.000 -0.300 65.599 3.600 0.300
65.298 0.000 -0.300 65.898 3.600 0.300
65.597 0.000 -0.300 66.197 3.600 0.300
65.897 0.000 -0.300 66.497 3.600 0.300
66.196 0.000 -0.300 66.796 3.600 0.300
66.495 0.000 -0.300 67.095 3.600 0.300
66.794 0.000 -0.300 67.394 3.600 0.300
67.093 0.000 -0.300 67.693 3.600 0.300
67.392 0.000 -0.300 67.992 3.600 0.300
67.691 0.000 -0.300 68.291 3.600 0.300
67.991 0.000 -0.300 68.591 3.600 0.300
68.290 0.000 -0.300 68.890 3.600 0.300
68.589 0.000 -0.300 69.189 3.600 0.300
68.888 0.000 -0.300 69.488 3.600 0.300
69.187 0.000 -0.300 69.787 3.600 0.300
69.486 0.000 -0.300 70.086 3.600 0.300
69.785 0.000 -0.300 70.385 3.600 0.300
70.085 0.000 -0.300 70.685 3.600 0.300
70.384 0.000 -0.300 70.984 3.600 0.300
70.683 0.000 -0.300 71.283 3.600 0.300
70.982 0.000 -0.300 71.582 3.600 0.300
71.281 0.000 -0.300 71.881 3.600 0.300
71.580 0.000 -0.300 72.180 3.600 0.300
71.879 0.000 -0.300 72.479 3.600 0.300
72.179 0.000 -0.300 72.779 3.600 0.300
72.478 0.000 -0.300 73.078 3.600 0.300
72.777 0.000 -0.300 73.377 3.600 0.300
73.076 0.000 -0.300 73.676 3.600 0.300
73.375 0.000 -0.300 73.975 3.600 0.300
73.674 0.000 -0.300 74.274 3.600 0.300
73.974 0.000 -0.300 74.574 3.600 0.300
74.273 0.000 -0.300 74.873 3.600 0.300
74.572 0.000 -0.300 75.172 3.600 0.300
74.871 0.000 -0.300 75.471 3.600 0.300
75.170 0.000 -0.300 75.770 3.600 0.300
75.469 0.000 -0.300 76.069 3.600 0.300
75.768 0.000 -0.300 76.368 3.600 0.300
76.068 0.000 -0.300 76.668 3.600 0.300
76.367 0.000 -0.300 76.967 3.600 0.300
76.666 0.000 -0.300 77.266 3.600 0.300
76.965 0.000 -0.300 77.565 3.600 0.300
77.264 0.000 -0.300 77.864 3.600 0.300
77.563 0.000 -0.300 78.163 3.600 0.300
77.862 0.000 -0.300 78.462 3.600 0.300
78.162 0.000 -0.300 78.762 3.600 0.300
78.461 0.000 -0.300 79.061 3.600 0.300
78.760 0.000 -0.300 79.360 3.600 0.300
79.059 0.000 -0.300 79.659 3.600 0.300
79.358 0.000 -0.300 79.958 3.600 0.300
79.657 0.000 -0.300 80.257 3.600 0.300
79.956 0.000 -0.300 80.556 3.600 0.300
80.256 0.000 -0.300 80.856 3.600 0.300
80.555 0.000 -0.300 81.155 3.600 0.300
80.854 0.000 -0.300 81.454 3.600 0.300
81.153 0.000 -0.300 81.753 3.600 0.300
81.452 0.000 -0.300 82.052 3.600 0.300
81.751 0.000 -0.300 82.351 3.600 0.300
82.050 0.000 -0.300 82.650 3.600 0.300
82.350 0.000 -0.300 82.950 3.600 0.300
82.649 0.000 -0.300 83.249 3.600 0.300
82.948 0.000 -0.300 83.548 3.600 0.300
83.247 0.000 -0.300 83.847 3.600 0.300
83.546 0.000 -0.300 84.146 3.600 0.300
83.845 0.000 -0.300 84.445 3.600 0.300
84.144 0.000 -0.300 84.744 3.600 0.300
84.444 0.000 -0.300 85.044 3.600 0.300
84.743 0.000 -0.300 85.343 3.600 0.300
85.042 0.000 -0.300 85.642 3.600 0.300
85.341 0.000 -0.300 85.941 3.600 0.300
85.640 0.000 -0.300 86.240 3.600 0.300
85.939 0.000 -0.300 86.539 3.600 0.300
86.238 0.000 -0.300 86.838 3.600 0.300
86.538 0.000 -0.300 87.138 3.600 0.300
86.837 0.000 -0.300 87.437 3.600 0.300
87.136 0.000 -0.300 87.736 3.600 0.300
87.435 0.000 -0.300 88.035 3.600 0.300
87.734 0.000 -0.300 88.334 3.600 0.300
88.033 0.000 -0.300 88.633 3.600 0.300
88.332 0.000 -0.300 88.932 3.600 0.300
88.632 0.000 -0.300 89.232 3.600 0.300
88.931 0.000 -0.300 89.531 3.600 0.300
89.230 0.000 -0.300 89.830 3.600 0.300
89.529 0.000 -0.300 90.129 3.600 0.300
89.828 0.000 -0.300 90.428 3.600 0.300
90.127 0.000 -0.300 90.727 3.600 0.300
90.426 0.000 -0.300 91.026 3.600 0.300
90.726 0.000 -0.300 91.326 3.600 0.300
91.025 0.000 -0.300 91.625 3.600 0.300
91.324 0.000 -0.300 91.924 3.600 0.300
91.623 0.000 -0.300 92.223 3.600 0.300
91.922 0.000 -0.300 92.522 3.600 0.300
92.221 0.000 -0.300 92.821 3.600 0.300
92.521 0.000 -0.300 93.121 3.600 0.300
92.820 0.000 -0.300 93.420 3.600 0.300
93.119 0.000 -0.300 93.719 3.600 0.300
93.418 0.000 -0.300 94.018 3.600 0.300
93.717 0.000 -0.300 94.317 3.600 0.300
94.016 0.000 -0.300 94.616 3.600 0.300
94.315 0.000 -0.300 94.915 3.600 0.300
94.615 0.000 -0.300 95.215 3.600 0.300
94.914 0.000 -0.300 95.514 3.600 0.300
95.213 0.000 -0.300 95.813 3.600 0.300
95.512 0.000 -0.300 96.112 3.600 0.300
95.811 0.000 -0.300 96.411 3.600 0.300
96.110 0.000 -0.300 96.710 3.600 0.300
96.409 0.000 -0.300 97.009 3.600 0.300
96.709 0.000 -0.300 97.309 3.600 0.300
97.008 0.000 -0.300 97.608 3.600 0.300
97.307 0.000 -0.300 97.907 3.600 0.300
97.606 0.000 -0.300 98.206 3.600 0.300
97.905 0.000 -0.300 98.505 3.600 0.300
98.204 0.000 -0.300 98.804 3.600 0.300
98.503 0.000 -0.300 99.103 3.600 0.300
98.803 0.000 -0.300 99.403 3.600 0.300
99.102 0.000 -0.300 99.702 3.600 0.300
99.401 0.000 -0.300 100.001 3.600 0.300
99.700 0.000 -0.300 100.300 3.600 0.300
99.700 0.000 -0.300 100.300 3.600 0.300
99.700 0.000 -0.000 100.300 3.600 0.600
99.700 0.000 0.300 100.300 3.600 0.900
99.700 0.000 0.599 100.300 3.600 1.199
99.700 0.000 0.899 100.300 3.600 1.499
99.700 0.000 1.199 100.300 3.600 1.799
99.700 0.000 1.499 100.300 3.600 2.099
99.700 0.000 1.799 100.300 3.600 2.399
99.700 0.000 2.098 100.300 3.600 2.698
99.700 0.000 2.398 100.300 3.600 2.998
99.700 0.000 2.698 100.300 3.600 3.298
99.700 0.000 2.998 100.300 3.600 3.598
99.700 0.000 3.297 100.300 3.600 3.897
99.700 0.000 3.597 100.300 3.600 4.197
99.700 0.000 3.897 100.300 3.600 4.497
99.700 0.000 4.197 100.300 3.600 4.797
99.700 0.000 4.497 100.300 3.600 5.097
99.700 0.000 4.796 100.300 3.600 5.396
99.700 0.000 5.096 100.300 3.600 5.696
99.700 0.000 5.396 100.300 3.600 5.996
99.700 0.000 5.696 100.300 3.600 6.296
99.700 0.000 5.996 100.300 3.600 6.596
99.700 0.000 6.295 100.300 3.600 6.895
99.700 0.000 6.595 100.300 3.600 7.195
99.700 0.000 6.895 100.300 3.600 7.495
99.700 0.000 7.195 100.300 3.600 7.795
99.700 0.000 7.494 100.300 3.600 8.094
99.700 0.000 7.794 100.300 3.600 8.394
99.700 0.000 8.094 100.300 3.600 8.694
99.700 0.000 8.394 100.300 3.600 8.994
99.700 0.000 8.694 100.300 3.600 9.294
99.700 0.000 8.993 100.300 3.600 9.593
99.700 0.000 9.293 100.300 3.600 9.893
99.700 0.000 9.593 100.300 3.600 10.193
99.700 0.000 9.893 100.300 3.600 10.493
99.700 0.000 10.193 100.300 3.600 10.793
99.700 0.000 10.492 100.300 3.600 11.092
99.700 0.000 10.792 100.300 3.600 11.392
99.700 0.000 11.092 100.300 3.600 11.692
99.700 0.000 11.392 100.300 3.600 11.992
99.700 0.000 11.691 100.300 3.600 12.291
99.700 0.000 11.991 100.300 3.600 12.591
99.700 0.000 12.291 100.300 3.600 12.891
99.700 0.000 12.591 100.300 3.600 13.191
99.700 0.000 12.891 100.300 3.600 13.491
99.700 0.000 13.190 100.300 3.600 13.790
99.700 0.000 13.490 100.300 3.600 14.090
99.700 0.000 13.790 100.300 3.600 14.390
99.700 0.000 14.090 100.300 3.600 14.690
99.700 0.000 14.390 100.300 3.600 14.990
99.700 0.000 14.689 100.300 3.600 15.289
99.700 0.000 14.989 100.300 3.600 15.589
99.700 0.000 15.289 100.300 3.600 15.889
99.700 0.000 15.589 100.300 3.600 16.189
99.700 0.000 15.888 100.300 3.600 16.488
99.700 0.000 16.188 100.300 3.600 16.788
99.700 0.000 16.488 100.300 3.600 17.088
99.700 0.000 16.788 100.300 3.600 17.388
99.700 0.000 17.088 100.300 3.600 17.688
99.700 0.000 17.387 100.300 3.600 17.987
99.700 0.000 17.687 100.300 3.600 18.287
99.700 0.000 17.987 100.300 3.600 18.587
99.700 0.000 18.287 100.300 3.600 18.887
99.700 0.000 18.587 100.300 3.600 19.187
99.700 0.000 18.886 100.300 3.600 19.486
99.700 0.000 19.186 100.300 3.600 19.786
99.700 0.000 19.486 100.300 3.600 20.086
99.700 0.000 19.786 100.300 3.600 20.386
99.700 0.000 20.085 100.300 3.600 20.685
99.700 0.000 20.385 100.300 3.600 20.985
99.700 0.000 20.685 100.300 3.600 21.285
99.700 0.000 20.985 100.300 3.600 21.585
99.700 0.000 21.285 100.300 3.600 21.885
99.700 0.000 21.584 100.300 3.600 22.184
99.700 0.000 21.884 100.300 3.600 22.484
99.700 0.000 22.184 100.300 3.600 22.784
99.700 0.000 22.484 100.300 3.600 23.084
99.700 0.000 22.784 100.300 3.600 23.384
99.700 0.000 23.083 100.300 3.600 23.683
99.700 0.000 23.383 100.300 3.600 23.983
99.700 0.000 23.683 100.300 3.600 24.283
99.700 0.000 23.983 100.300 3.600 24.583
99.700 0.000 24.282 100.300 3.600 24.882
99.700 0.000 24.582 100.300 3.600 25.182
99.700 0.000 24.882 100.300 3.600 25.482
99.700 0.000 25.182 100.300 3.600 25.782
99.700 0.000 25.482 100.300 3.600 26.082
99.700 0.000 25.781 100.300 3.600 26.381
99.700 0.000 26.081 100.300 3.600 26.681
99.700 0.000 26.381 100.300 3.600 26.981
99.700 0.000 26.681 100.300 3.600 27.281
99.700 0.000 26.981 100.300 3.600 27.581
99.700 0.000 27.280 100.300 3.600 27.880
99.700 0.000 27.580 100.300 3.600 28.180
99.700 0.000 27.880 100.300 3.600 28.480
99.700 0.000 28.180 100.300 3.600 28.780
99.700 0.000 28.479 100.300 3.600 29.079
99.700 0.000 28.779 100.300 3.600 29.379
99.700 0.000 29.079 100.300 3.600 29.679
99.700 0.000 29.379 100.300 3.600 29.979
99.700 0.000 29.679 100.300 3.600 30.279
99.700 0.000 29.978 100.300 3.600 30.578
99.700 0.000 30.278 100.300 3.600 30.878
99.700 0.000 30.578 100.300 3.600 31.178
99.700 0.000 30.878 100.300 3.600 31.478
99.700 0.000 31.178 100.300 3.600 31.778
99.700 0.000 31.477 100.300 3.600 32.077
99.700 0.000 31.777 100.300 3.600 32.377
99.700 0.000 32.077 100.300 3.600 32.677
99.700 0.000 32.377 100.300 3.600 32.977
99.700 0.000 32.676 100.300 3.600 33.276
99.700 0.000 32.976 100.300 3.600 33.576
99.700 0.000 33.276 100.300 3.600 33.876
99.700 0.000 33.576 100.300 3.600 34.176
99.700 0.000 33.876 100.300 3.600 34.476
99.700 0.000 34.175 100.300 3.600 34.775
99.700 0.000 34.475 100.300 3.600 35.075
99.700 0.000 34.775 100.300 3.600 35.375
99.700 0.000 35.075 100.300 3.600 35.675
99.700 0.000 35.375 100.300 3.600 35.975
99.700 0.000 35.674 100.300 3.600 36.274
99.700 0.000 35.974 100.300 3.600 36.574
99.700 0.000 36.274 100.300 3.600 36.874
99.700 0.000 36.574 100.300 3.600 37.174
99.700 0.000 36.873 100.300 3.600 37.473
99.700 0.000 37.173 100.300 3.600 37.773
99.700 0.000 37.473 100.300 3.600 38.073
99.700 0.000 37.773 100.300 3.600 38.373
99.700 0.000 38.073 100.300 3.600 38.673
99.700 0.000 38.372 100.300 3.600 38.972
99.700 0.000 38.672 100.300 3.600 39.272
99.700 0.000 38.972 100.300 3.600 39.572
99.700 0.000 39.272 100.300 3.600 39.872
99.700 0.000 39.572 100.300 3.600 40.172
99.700 0.000 39.871 100.300 3.600 40.471
99.700 0.000 40.171 100.300 3.600 40.771
99.700 0.000 40.471 100.300 3.600 41.071
99.700 0.000 40.771 100.300 3.600 41.371
99.700 0.000 41.070 100.300 3.600 41.670
99.700 0.000 41.370 100.300 3.600 41.970
99.700 0.000 41.670 100.300 3.600 42.270
99.700 0.000 41.970 100.300 3.600 42.570
99.700 0.000 42.270 100.300 3.600 42.870
99.700 0.000 42.569 100.300 3.600 43.169
99.700 0.000 42.869 100.300 3.600 43.469
99.700 0.000 43.169 100.300 3.600 43.769
99.700 0.000 43.469 100.300 3.600 44.069
99.700 0.000 43.769 100.300 3.600 44.369
99.700 0.000 44.068 100.300 3.600 44.668
99.700 0.000 44.368 100.300 3.600 44.968
99.700 0.000 44.668 100.300 3.600 45.268
99.700 0.000 44.968 100.300 3.600 45.568
99.700 0.000 45.267 100.300 3.600 45.867
99.700 0.000 45.567 100.300 3.600 46.167
99.700 0.000 45.867 100.300 3.600 46.467
99.700 0.000 46.167 100.300 3.600 46.767
99.700 0.000 46.467 100.300 3.600 47.067
99.700 0.000 46.766 100.300 3.600 47.366
99.700 0.000 47.066 100.300 3.600 47.666
99.700 0.000 47.366 100.300 3.600 47.966
99.700 0.000 47.666 100.300 3.600 48.266
99.700 0.000 47.966 100.300 3.600 48.566
99.700 0.000 48.265 100.300 3.600 48.865
99.700 0.000 48.565 100.300 3.600 49.165
99.700 0.000 48.865 100.300 3.600 49.465
99.700 0.000 49.165 100.300 3.600 49.765
99.700 0.000 49.464 100.300 3.600 50.064
99.700 0.000 49.764 100.300 3.600 50.364
99.700 0.000 50.064 100.300 3.600 50.664
99.700 0.000 50.364 100.300 3.600 50.964
99.700 0.000 50.664 100.300 3.600 51.264
99.700 0.000 50.963 100.300 3.600 51.563
99.700 0.000 51.263 100.300 3.600 51.863
99.700 0.000 51.563 100.300 3.600 52.163
99.700 0.000 51.863 100.300 3.600 52.463
99.700 0.000 52.163 100.300 3.600 52.763
99.700 0.000 52.462 100.300 3.600 53.062
99.700 0.000 52.762 100.300 3.600 53.362
99.700 0.000 53.062 100.300 3.600 53.662
99.700 0.000 53.362 100.300 3.600 53.962
99.700 0.000 53.661 100.300 3.600 54.261
99.700 0.000 53.961 100.300 3.600 54.561
99.700 0.000 54.261 100.300 3.600 54.861
99.700 0.000 54.561 100.300 3.600 55.161
99.700 0.000 54.861 100.300 3.600 55.461
99.700 0.000 55.160 100.300 3.600 55.760
99.700 0.000 55.460 100.300 3.600 56.060
99.700 0.000 55.760 100.300 3.600 56.360
99.700 0.000 56.060 100.300 3.600 56.660
99.700 0.000 56.360 100.300 3.600 56.960
99.700 0.000 56.659 100.300 3.600 57.259
99.700 0.000 56.959 100.300 3.600 57.559
99.700 0.000 57.259 100.300 3.600 57.859
99.700 0.000 57.559 100.300 3.600 58.159
99.700 0.000 57.858 100.300 3.600 58.458
99.700 0.000 58.158 100.300 3.600 58.758
99.700 0.000 58.458 100.300 3.600 59.058
99.700 0.000 58.758 100.300 3.600 59.358
99.700 0.000 59.058 100.300 3.600 59.658
99.700 0.000 59.357 100.300 3.600 59.957
99.700 0.000 59.657 100.300 3.600 60.257
99.700 0.000 59.957 100.300 3.600 60.557
99.700 0.000 60.257 100.300 3.600 60.857
99.700 0.000 60.557 100.300 3.600 61.157
99.700 0.000 60.856 100.300 3.600 61.456
99.700 0.000 61.156 100.300 3.600 61.756
99.700 0.000 61.456 100.300 3.600 62.056
99.700 0.000 61.756 100.300 3.600 62.356
99.700 0.000 62.055 100.300 3.600 62.655
99.700 0.000 62.355 100.300 3.600 62.955
99.700 0.000 62.655 100.300 3.600 63.255
99.700 0.000 62.955 100.300 3.600 63.555
99.700 0.000 63.255 100.300 3.600 63.855
99.700 0.000 63.554 100.300 3.600 64.154
99.700 0.000 63.854 100.300 3.600 64.454
99.700 0.000 64.154 100.300 3.600 64.754
99.700 0.000 64.454 100.300 3.600 65.054
99.700 0.000 64.754 100.300 3.600 65.354
99.700 0.000 65.053 100.300 3.600 65.653
99.700 0.000 65.353 100.300 3.600 65.953
99.700 0.000 65.653 100.300 3.600 66.253
99.700 0.000 65.953 100.300 3.600 66.553
99.700 0.000 66.252 100.300 3.600 66.852
99.700 0.000 66.552 100.300 3.600 67.152
99.700 0.000 66.852 100.300 3.600 67.452
99.700 0.000 67.152 100.300 3.600 67.752
99.700 0.000 67.452 100.300 3.600 68.052
99.700 0.000 67.751 100.300 3.600 68.351
99.700 0.000 68.051 100.300 3.600 68.651
99.700 0.000 68.351 100.300 3.600 68.951
99.700 0.000 68.651 100.300 3.600 69.251
99.700 0.000 68.951 100.300 3.600 69.551
99.700 0.000 69.250 100.300 3.600 69.850
99.700 0.000 69.550 100.300 3.600 70.150
99.700 0.000 69.850 100.300 3.600 70.450
99.700 0.000 70.150 100.300 3.600 70.750
99.700 0.000 70.449 100.300 3.600 71.049
99.700 0.000 70.749 100.300 3.600 71.349
99.700 0.000 71.049 100.300 3.600 71.649
99.700 0.000 71.349 100.300 3.600 71.949
99.700 0.000 71.649 100.300 3.600 72.249
99.700 0.000 71.948 100.300 3.600 72.548
99.700 0.000 72.248 100.300 3.600 72.848
99.700 0.000 72.548 100.300 3.600 73.148
99.700 0.000 72.848 100.300 3.600 73.448
99.700 0.000 73.148 100.300 3.600 73.748
99.700 0.000 73.447 100.300 3.600 74.047
99.700 0.000 73.747 100.300 3.600 74.347
99.700 0.000 74.047 100.300 3.600 74.647
99.700 0.000 74.347 100.300 3.600 74.947
99.700 0.000 74.646 100.300 3.600 75.246
99.700 0.000 74.946 100.300 3.600 75.546
99.700 0.000 75.246 100.300 3.600 75.846
99.700 0.000 75.546 100.300 3.600 76.146
99.700 0.000 75.846 100.300 3.600 76.446
99.700 0.000 76.145 100.300 3.600 76.745
99.700 0.000 76.445 100.300 3.600 77.045
99.700 0.000 76.745 100.300 3.600 77.345
99.700 0.000 77.045 100.300 3.600 77.645
99.700 0.000 77.345 100.300 3.600 77.945
99.700 0.000 77.644 100.300 3.600 78.244
99.700 0.000 77.944 100.300 3.600 78.544
99.700 0.000 78.244 100.300 3.600 78.844
99.700 0.000 78.544 100.300 3.600 79.144
99.700 0.000 78.843 100.300 3.600 79.443
99.700 0.000 79.143 100.300 3.600 79.743
99.700 0.000 79.443 100.300 3.600 80.043
99.700 0.000 79.743 100.300 3.600 80.343
99.700 0.000 80.043 100.300 3.600 80.643
99.700 0.000 80.342 100.300 3.600 80.942
99.700 0.000 80.642 100.300 3.600 81.242
99.700 0.000 80.942 100.300 3.600 81.542
99.700 0.000 81.242 100.300 3.600 81.842
99.700 0.000 81.542 100.300 3.600 82.142
99.700 0.000 81.841 100.300 3.600 82.441
99.700 0.000 82.141 100.300 3.600 82.741
99.700 0.000 82.441 100.300 3.600 83.041
99.700 0.000 82.741 100.300 3.600 83.341
99.700 0.000 83.040 100.300 3.600 83.640
99.700 0.000 83.340 100.300 3.600 83.940
99.700 0.000 83.640 100.300 3.600 84.240
99.700 0.000 83.940 100.300 3.600 84.540
99.700 0.000 84.240 100.300 3.600 84.840
99.700 0.000 84.539 100.300 3.600 85.139
99.700 0.000 84.839 100.300 3.600 85.439
99.700 0.000 85.139 100.300 3.600 85.739
99.700 0.000 85.439 100.300 3.600 86.039
99.700 0.000 85.739 100.300 3.600 86.339
99.700 0.000 86.038 100.300 3.600 86.638
99.700 0.000 86.338 100.300 3.600 86.938
99.700 0.000 86.638 100.300 3.600 87.238
99.700 0.000 86.938 100.300 3.600 87.538
99.700 0.000 87.237 100.300 3.600 87.837
99.700 0.000 87.537 100.300 3.600 88.137
99.700 0.000 87.837 100.300 3.600 88.437
99.700 0.000 88.137 100.300 3.600 88.737
99.700 0.000 88.437 100.300 3.600 89.037
99.700 0.000 88.736 100.300 3.600 89.336
99.700 0.000 89.036 100.300 3.600 89.636
99.700 0.000 89.336 100.300 3.600 89.936
99.700 0.000 89.636 100.300 3.600 90.236
99.700 0.000 89.936 100.300 3.600 90.536
99.700 0.000 90.235 100.300 3.600 90.835
99.700 0.000 90.535 100.300 3.600 91.135
99.700 0.000 90.835 100.300 3.600 91.435
99.700 0.000 91.135 100.300 3.600 91.735
99.700 0.000 91.434 100.300 3.600 92.034
99.700 0.000 91.734 100.300 3.600 92.334
99.700 0.000 92.034 100.300 3.600 92.634
99.700 0.000 92.334 100.300 3.600 92.934
99.700 0.000 92.634 100.300 3.600 93.234
99.700 0.000 92.933 100.300 3.600 93.533
99.700 0.000 93.233 100.300 3.600 93.833
99.700 0.000 93.533 100.300 3.600 94.133
99.700 0.000 93.833 100.300 3.600 94.433
99.700 0.000 94.133 100.300 3.600 94.733
99.700 0.000 94.432 100.300 3.600 95.032
99.700 0.000 94.732 100.300 3.600 95.332
99.700 0.000 95.032 100.300 3.600 95.632
99.700 0.000 95.332 100.300 3.600 95.932
99.700 0.000 95.631 100.300 3.600 96.231
99.700 0.000 95.931 100.300 3.600 96.531
99.700 0.000 96.231 100.300 3.600 96.831
99.700 0.000 96.531 100.300 3.600 97.131
99.700 0.000 96.831 100.300 3.600 97.431
99.700 0.000 97.130 100.300 3.600 97.730
99.700 0.000 97.430 100.300 3.600 98.030
99.700 0.000 97.730 100.300 3.600 98.330
99.700 0.000 98.030 100.300 3.600 98.630
99.700 0.000 98.330 100.300 3.600 98.930
99.700 0.000 98.629 100.300 3.600 99.229
99.700 0.000 98.929 100.300 3.600 99.529
99.700 0.000 99.229 100.300 3.600 99.829
99.700 0.000 99.529 100.300 3.600 100.129
99.700 0.000 99.828 100.300 3.600 100.428
99.700 0.000 100.128 100.300 3.600 100.728
99.700 0.000 100.428 100.300 3.600 101.028
99.700 0.000 100.728 100.300 3.600 101.328
99.700 0.000 101.028 100.300 3.600 101.628
99.700 0.000 101.327 100.300 3.600 101.927
99.700 0.000 101.627 100.300 3.600 102.227
99.700 0.000 101.927 100.300 3.600 102.527
99.700 0.000 102.227 100.300 3.600 102.827
99.700 0.000 102.527 100.300 3.600 103.127
99.700 0.000 102.826 100.300 3.600 103.426
99.700 0.000 103.126 100.300 3.600 103.726
99.700 0.000 103.426 100.300 3.600 104.026
99.700 0.000 103.726 100.300 3.600 104.326
99.700 0.000 104.025 100.300 3.600 104.625
99.700 0.000 104.325 100.300 3.600 104.925
99.700 0.000 104.625 100.300 3.600 105.225
99.700 0.000 104.925 100.300 3.600 105.525
99.700 0.000 105.225 100.300 3.600 105.825
99.700 0.000 105.524 100.300 3.600 106.124
99.700 0.000 105.824 100.300 3.600 106.424
99.700 0.000 106.124 100.300 3.600 106.724
99.700 0.000 106.424 100.300 3.600 107.024
99.700 0.000 106.724 100.300 3.600 107.324
99.700 0.000 107.023 100.300 3.600 107.623
99.700 0.000 107.323 100.300 3.600 107.923
99.700 0.000 107.623 100.300 3.600 108.223
99.700 0.000 107.923 100.300 3.600 108.523
99.700 0.000 108.222 100.300 3.600 108.822
99.700 0.000 108.522 100.300 3.600 109.122
99.700 0.000 108.822 100.300 3.600 109.422
99.700 0.000 109.122 100.300 3.600 109.722
99.700 0.000 109.422 100.300 3.600 110.022
99.700 0.000 109.721 100.300 3.600 110.321
99.700 0.000 110.021 100.300 3.600 110.621
99.700 0.000 110.321 100.300 3.600 110.921
99.700 0.000 110.621 100.300 3.600 111.221
99.700 0.000 110.921 100.300 3.600 111.521
99.700 0.000 111.220 100.300 3.600 111.820
99.700 0.000 111.520 100.300 3.600 112.120
99.700 0.000 111.820 100.300 3.600 112.420
99.700 0.000 112.120 100.300 3.600 112.720
99.700 0.000 112.419 100.300 3.600 113.019
99.700 0.000 112.719 100.300 3.600 113.319
99.700 0.000 113.019 100.300 3.600 113.619
99.700 0.000 113.319 100.300 3.600 113.919
99.700 0.000 113.619 100.300 3.600 114.219
99.700 0.000 113.918 100.300 3.600 114.518
99.700 0.000 114.218 100.300 3.600 114.818
99.700 0.000 114.518 100.300 3.600 115.118
99.700 0.000 114.818 100.300 3.600 115.418
99.700 0.000 115.118 100.300 3.600 115.718
99.700 0.000 115.417 100.300 3.600 116.017
99.700 0.000 115.717 100.300 3.600 116.317
99.700 0.000 116.017 100.300 3.600 116.617
99.700 0.000 116.317 100.300 3.600 116.917
99.700 0.000 116.616 100.300 3.600 117.216
99.700 0.000 116.916 100.300 3.600 117.516
99.700 0.000 117.216 100.300 3.600 117.816
99.700 0.000 117.516 100.300 3.600 118.116
99.700 0.000 117.816 100.300 3.600 118.416
99.700 0.000 118.115 100.300 3.600 118.715
99.700 0.000 118.415 100.300 3.600 119.015
99.700 0.000 118.715 100.300 3.600 119.315
99.700 0.000 119.015 100.300 3.600 119.615
99.700 0.000 119.315 100.300 3.600 119.915
99.700 0.000 119.614 100.300 3.600 120.214
99.700 0.000 119.914 100.300 3.600 120.514
99.700 0.000 120.214 100.300 3.600 120.814
99.700 0.000 120.514 100.300 3.600 121.114
99.700 0.000 120.813 100.300 3.600 121.413
99.700 0.000 121.113 100.300 3.600 121.713
99.700 0.000 121.413 100.300 3.600 122.013
99.700 0.000 121.713 100.300 3.600 122.313
99.700 0.000 122.013 100.300 3.600 122.613
99.700 0.000 122.312 100.300 3.600 122.912
99.700 0.000 122.612 100.300 3.600 123.212
99.700 0.000 122.912 100.300 3.600 123.512
99.700 0.000 123.212 100.300 3.600 123.812
99.700 0.000 123.512 100.300 3.600 124.112
99.700 0.000 123.811 100.300 3.600 124.411
99.700 0.000 124.111 100.300 3.600 124.711
99.700 0.000 124.411 100.300 3.600 125.011
99.700 0.000 124.711 100.300 3.600 125.311
99.700 0.000 125.010 100.300 3.600 125.610
99.700 0.000 125.310 100.300 3.600 125.910
99.700 0.000 125.610 100.300 3.600 126.210
99.700 0.000 125.910 100.300 3.600 126.510
99.700 0.000 126.210 100.300 3.600 126.810
99.700 0.000 126.509 100.300 3.600 127.109
99.700 0.000 126.809 100.300 3.600 127.409
99.700 0.000 127.109 100.300 3.600 127.709
99.700 0.000 127.409 100.300 3.600 128.009
99.700 0.000 127.709 100.300 3.600 128.309
99.700 0.000 128.008 100.300 3.600 128.608
99.700 0.000 128.308 100.300 3.600 128.908
99.700 0.000 128.608 100.300 3.600 129.208
99.700 0.000 128.908 100.300 3.600 129.508
99.700 0.000 129.207 100.300 3.600 129.807
99.700 0.000 129.507 100.300 3.600 130.107
99.700 0.000 129.807 100.300 3.600 130.407
99.700 0.000 130.107 100.300 3.600 130.707
99.700 0.000 130.407 100.300 3.600 131.007
99.700 0.000 130.706 100.300 3.600 131.306
99.700 0.000 131.006 100.300 3.600 131.606
99.700 0.000 131.306 100.300 3.600 131.906
99.700 0.000 131.606 100.300 3.600 132.206
99.700 0.000 131.906 100.300 3.600 132.506
99.700 0.000 132.205 100.300 3.600 132.805
99.700 0.000 132.505 100.300 3.600 133.105
99.700 0.000 132.805 100.300 3.600 133.405
99.700 0.000 133.105 100.300 3.600 133.705
99.700 0.000 133.404 100.300 3.600 134.004
99.700 0.000 133.704 100.300 3.600 134.304
99.700 0.000 134.004 100.300 3.600 134.604
99.700 0.000 134.304 100.300 3.600 134.904
99.700 0.000 134.604 100.300 3.600 135.204
99.700 0.000 134.903 100.300 3.600 135.503
99.700 0.000 135.203 100.300 3.600 135.803
99.700 0.000 135.503 100.300 3.600 136.103
99.700 0.000 135.803 100.300 3.600 136.403
99.700 0.000 136.103 100.300 3.600 136.703
99.700 0.000 136.402 100.300 3.600 137.002
99.700 0.000 136.702 100.300 3.600 137.302
99.700 0.000 137.002 100.300 3.600 137.602
99.700 0.000 137.302 100.300 3.600 137.902
99.700 0.000 137.601 100.300 3.600 138.201
99.700 0.000 137.901 100.300 3.600 138.501
99.700 0.000 138.201 100.300 3.600 138.801
99.700 0.000 138.501 100.300 3.600 139.101
99.700 0.000 138.801 100.300 3.600 139.401
99.700 0.000 139.100 100.300 3.600 139.700
99.700 0.000 139.400 100.300 3.600 140.000
99.700 0.000 139.700 100.300 3.600 140.300
99.700 0.000 139.700 100.300 3.600 140.300
99.401 0.000 139.700 100.001 3.600 140.300
99.101 0.000 139.700 99.701 3.600 140.300
98.802 0.000 139.700 99.402 3.600 140.300
98.502 0.000 139.700 99.102 3.600 140.300
98.203 0.000 139.700 98.803 3.600 140.300
97.904 0.000 139.700 98.504 3.600 140.300
97.604 0.000 139.700 98.204 3.600 140.300
97.305 0.000 139.700 97.905 3.600 140.300
97.005 0.000 139.700 97.605 3.600 140.300
96.706 0.000 139.700 97.306 3.600 140.300
96.407 0.000 139.700 97.007 3.600 140.300
96.107 0.000 139.700 96.707 3.600 140.300
95.808 0.000 139.700 96.408 3.600 140.300
95.508 0.000 139.700 96.108 3.600 140.300
95.209 0.000 139.700 95.809 3.600 140.300
94.910 0.000 139.700 95.510 3.600 140.300
94.610 0.000 139.700 95.210 3.600 140.300
94.311 0.000 139.700 94.911 3.600 140.300
94.011 0.000 139.700 94.611 3.600 140.300
93.712 0.000 139.700 94.312 3.600 140.300
93.413 0.000 139.700 94.013 3.600 140.300
93.113 0.000 139.700 93.713 3.600 140.300
92.814 0.000 139.700 93.414 3.600 140.300
92.514 0.000 139.700 93.114 3.600 140.300
92.215 0.000 139.700 92.815 3.600 140.300
91.916 0.000 139.700 92.516 3.600 140.300
91.616 0.000 139.700 92.216 3.600 140.300
91.317 0.000 139.700 91.917 3.600 140.300
91.017 0.000 139.700 91.617 3.600 140.300
90.718 0.000 139.700 91.318 3.600 140.300
90.419 0.000 139.700 91.019 3.600 140.300
90.119 0.000 139.700 90.719 3.600 140.300
89.820 0.000 139.700 90.420 3.600 140.300
89.520 0.000 139.700 90.120 3.600 140.300
89.221 0.000 139.700 89.821 3.600 140.300
88.922 0.000 139.700 89.522 3.600 140.300
88.622 0.000 139.700 89.222 3.600 140.300
88.323 0.000 139.700 88.923 3.600 140.300
88.023 0.000 139.700 88.623 3.600 140.300
87.724 0.000 139.700 88.324 3.600 140.300
87.425 0.000 139.700 88.025 3.600 140.300
87.125 0.000 139.700 87.725 3.600 140.300
86.826 0.000 139.700 87.426 3.600 140.300
86.526 0.000 139.700 87.126 3.600 140.300
86.227 0.000 139.700 86.827 3.600 140.300
85.928 0.000 139.700 86.528 3.600 140.300
85.628 0.000 139.700 86.228 3.600 140.300
85.329 0.000 139.700 85.929 3.600 140.300
85.029 0.000 139.700 85.629 3.600 140.300
84.730 0.000 139.700 85.330 3.600 140.300
84.431 0.000 139.700 85.031 3.600 140.300
84.131 0.000 139.700 84.731 3.600 140.300
83.832 0.000 139.700 84.432 3.600 140.300
83.532 0.000 139.700 84.132 3.600 140.300
83.233 0.000 139.700 83.833 3.600 140.300
82.934 0.000 139.700 83.534 3.600 140.300
82.634 0.000 139.700 83.234 3.600 140.300
82.335 0.000 139.700 82.935 3.600 140.300
82.035 0.000 139.700 82.635 3.600 140.300
81.736 0.000 139.700 82.336 3.600 140.300
81.437 0.000 139.700 82.037 3.600 140.300
81.137 0.000 139.700 81.737 3.600 140.300
80.838 0.000 139.700 81.438 3.600 140.300
80.538 0.000 139.700 81.138 3.600 140.300
80.239 0.000 139.700 80.839 3.600 140.300
79.940 0.000 139.700 80.540 3.600 140.300
79.640 0.000 139.700 80.240 3.600 140.300
79.341 0.000 139.700 79.941 3.600 140.300
79.041 0.000 139.700 79.641 3.600 140.300
78.742 0.000 139.700 79.342 3.600 140.300
78.443 0.000 139.700 79.043 3.600 140.300
78.143 0.000 139.700 78.743 3.600 140.300
77.844 0.000 139.700 78.444 3.600 140.300
77.544 0.000 139.700 78.144 3.600 140.300
77.245 0.000 139.700 77.845 3.600 140.300
76.946 0.000 139.700 77.546 3.600 140.300
76.646 0.000 139.700 77.246 3.600 140.300
76.347 0.000 139.700 76.947 3.600 140.300
76.047 0.000 139.700 76.647 3.600 140.300
75.748 0.000 139.700 76.348 3.600 140.300
75.449 0.000 139.700 76.049 3.600 140.300
75.149 0.000 139.700 75.749 3.600 140.300
74.850 0.000 139.700 75.450 3.600 140.300
74.550 0.000 139.700 75.150 3.600 140.300
74.251 0.000 139.700 74.851 3.600 140.300
73.951 0.000 139.700 74.551 3.600 140.300
73.652 0.000 139.700 74.252 3.600 140.300
73.353 0.000 139.700 73.953 3.600 140.300
73.053 0.000 139.700 73.653 3.600 140.300
72.754 0.000 139.700 73.354 3.600 140.300
72.454 0.000 139.700 73.054 3.600 140.300
72.155 0.000 139.700 72.755 3.600 140.300
71.856 0.000 139.700 72.456 3.600 140.300
71.556 0.000 139.700 72.156 3.600 140.300
71.257 0.000 139.700 71.857 3.600 140.300
70.957 0.000 139.700 71.557 3.600 140.300
70.658 0.000 139.700 71.258 3.600 140.300
70.359 0.000 139.700 70.959 3.600 140.300
70.059 0.000 139.700 70.659 3.600 140.300
69.760 0.000 139.700 70.360 3.600 140.300
69.460 0.000 139.700 70.060 3.600 140.300
69.161 0.000 139.700 69.761 3.600 140.300
68.862 0.000 139.700 69.462 3.600 140.300
68.562 0.000 139.700 69.162 3.600 140.300
68.263 0.000 139.700 68.863 3.600 140.300
67.963 0.000 139.700 68.563 3.600 140.300
67.664 0.000 139.700 68.264 3.600 140.300
67.365 0.000 139.700 67.965 3.600 140.300
67.065 0.000 139.700 67.665 3.600 140.300
66.766 0.000 139.700 67.366 3.600 140.300
66.466 0.000 139.700 67.066 3.600 140.300
66.167 0.000 139.700 66.767 3.600 140.300
65.868 0.000 139.700 66.468 3.600 140.300
65.568 0.000 139.700 66.168 3.600 140.300
65.269 0.000 139.700 65.869 3.600 140.300
64.969 0.000 139.700 65.569 3.600 140.300
64.670 0.000 139.700 65.270 3.600 140.300
64.371 0.000 139.700 64.971 3.600 140.300
64.071 0.000 139.700 64.671 3.600 140.300
63.772 0.000 139.700 64.372 3.600 140.300
63.472 0.000 139.700 64.072 3.600 140.300
63.173 0.000 139.700 63.773 3.600 140.300
62.874 0.000 139.700 63.474 3.600 140.300
62.574 0.000 139.700 63.174 3.600 140.300
62.275 0.000 139.700 62.875 3.600 140.300
61.975 0.000 139.700 62.575 3.600 140.300
61.676 0.000 139.700 62.276 3.600 140.300
61.377 0.000 139.700 61.977 3.600 140.300
61.077 0.000 139.700 61.677 3.600 140.300
60.778 0.000 139.700 61.378 3.600 140.300
60.478 0.000 139.700 61.078 3.600 140.300
60.179 0.000 139.700 60.779 3.600 140.300
59.880 0.000 139.700 60.480 3.600 140.300
59.580 0.000 139.700 60.180 3.600 140.300
59.281 0.000 139.700 59.881 3.600 140.300
58.981 0.000 139.700 59.581 3.600 140.300
58.682 0.000 139.700 59.282 3.600 140.300
58.383 0.000 139.700 58.983 3.600 140.300
58.083 0.000 139.700 58.683 3.600 140.300
57.784 0.000 139.700 58.384 3.600 140.300
57.484 0.000 139.700 58.084 3.600 140.300
57.185 0.000 139.700 57.785 3.600 140.300
56.886 0.000 139.700 57.486 3.600 140.300
56.586 0.000 139.700 57.186 3.600 140.300
56.287 0.000 139.700 56.887 3.600 140.300
55.987 0.000 139.700 56.587 3.600 140.300
55.688 0.000 139.700 56.288 3.600 140.300
55.389 0.000 139.700 55.989 3.600 140.300
55.089 0.000 139.700 55.689 3.600 140.300
54.790 0.000 139.700 55.390 3.600 140.300
54.490 0.000 139.700 55.090 3.600 140.300
54.191 0.000 139.700 54.791 3.600 140.300
53.892 0.000 139.700 54.492 3.600 140.300
53.592 0.000 139.700 54.192 3.600 140.300
53.293 0.000 139.700 53.893 3.600 140.300
52.993 0.000 139.700 53.593 3.600 140.300
52.694 0.000 139.700 53.294 3.600 140.300
52.395 0.000 139.700 52.995 3.600 140.300
52.095 0.000 139.700 52.695 3.600 140.300
51.796 0.000 139.700 52.396 3.600 140.300
51.496 0.000 139.700 52.096 3.600 140.300
51.197 0.000 139.700 51.797 3.600 140.300
50.898 0.000 139.700 51.498 3.600 140.300
50.598 0.000 139.700 51.198 3.600 140.300
50.299 0.000 139.700 50.899 3.600 140.300
49.999 0.000 139.700 50.599 3.600 140.300
49.700 0.000 139.700 50.300 3.600 140.300
49.401 0.000 139.700 50.001 3.600 140.300
49.101 0.000 139.700 49.701 3.600 140.300
48.802 0.000 139.700 49.402 3.600 140.300
48.502 0.000 139.700 49.102 3.600 140.300
48.203 0.000 139.700 48.803 3.600 140.300
47.904 0.000 139.700 48.504 3.600 140.300
47.604 0.000 139.700 48.204 3.600 140.300
47.305 0.000 139.700 47.905 3.600 140.300
47.005 0.000 139.700 47.605 3.600 140.300
46.706 0.000 139.700 47.306 3.600 140.300
46.407 0.000 139.700 47.007 3.600 140.300
46.107 0.000 139.700 46.707 3.600 140.300
45.808 0.000 139.700 46.408 3.600 140.300
45.508 0.000 139.700 46.108 3.600 140.300
45.209 0.000 139.700 45.809 3.600 140.300
44.910 0.000 139.700 45.510 3.600 140.300
44.610 0.000 139.700 45.210 3.600 140.300
44.311 0.000 139.700 44.911 3.600 140.300
44.011 0.000 139.700 44.611 3.600 140.300
43.712 0.000 139.700 44.312 3.600 140.300
43.413 0.000 139.700 44.013 3.600 140.300
43.113 0.000 139.700 43.713 3.600 140.300
42.814 0.000 139.700 43.414 3.600 140.300
42.514 0.000 139.700 43.114 3.600 140.300
42.215 0.000 139.700 42.815 3.600 140.300
41.916 0.000 139.700 42.516 3.600 140.300
41.616 0.000 139.700 42.216 3.600 140.300
41.317 0.000 139.700 41.917 3.600 140.300
41.017 0.000 139.700 41.617 3.600 140.300
40.718 0.000 139.700 41.318 3.600 140.300
40.419 0.000 139.700 41.019 3.600 140.300
40.119 0.000 139.700 40.719 3.600 140.300
39.820 0.000 139.700 40.420 3.600 140.300
39.520 0.000 139.700 40.120 3.600 140.300
39.221 0.000 139.700 39.821 3.600 140.300
38.922 0.000 139.700 39.522 3.600 140.300
38.622 0.000 139.700 39.222 3.600 140.300
38.323 0.000 139.700 38.923 3.600 140.300
38.023 0.000 139.700 38.623 3.600 140.300
37.724 0.000 139.700 38.324 3.600 140.300
37.425 0.000 139.700 38.025 3.600 140.300
37.125 0.000 139.700 37.725 3.600 140.300
36.826 0.000 139.700 37.426 3.600 140.300
36.526 0.000 139.700 37.126 3.600 140.300
36.227 0.000 139.700 36.827 3.600 140.300
35.928 0.000 139.700 36.528 3.600 140.300
35.628 0.000 139.700 36.228 3.600 140.300
35.329 0.000 139.700 35.929 3.600 140.300
35.029 0.000 139.700 35.629 3.600 140.300
34.730 0.000 139.700 35.330 3.600 140.300
34.431 0.000 139.700 35.031 3.600 140.300
34.131 0.000 139.700 34.731 3.600 140.300
33.832 0.000 139.700 34.432 3.600 140.300
33.532 0.000 139.700 34.132 3.600 140.300
33.233 0.000 139.700 33.833 3.600 140.300
32.934 0.000 139.700 33.534 3.600 140.300
32.634 0.000 139.700 33.234 3.600 140.300
32.335 0.000 139.700 32.935 3.600 140.300
32.035 0.000 139.700 32.635 3.600 140.300
31.736 0.000 139.700 32.336 3.600 140.300
31.437 0.000 139.700 32.037 3.600 140.300
31.137 0.000 139.700 31.737 3.600 140.300
30.838 0.000 139.700 31.438 3.600 140.300
30.538 0.000 139.700 31.138 3.600 140.300
30.239 0.000 139.700 30.839 3.600 140.300
29.940 0.000 139.700 30.540 3.600 140.300
29.640 0.000 139.700 30.240 3.600 140.300
29.341 0.000 139.700 29.941 3.600 140.300
29.041 0.000 139.700 29.641 3.600 140.300
28.742 0.000 139.700 29.342 3.600 140.300
28.443 0.000 139.700 29.043 3.600 140.300
28.143 0.000 139.700 28.743 3.600 140.300
27.844 0.000 139.700 28.444 3.600 140.300
27.544 0.000 139.700 28.144 3.600 140.300
27.245 0.000 139.700 27.845 3.600 140.300
26.946 0.000 139.700 27.546 3.600 140.300
26.646 0.000 139.700 27.246 3.600 140.300
26.347 0.000 139.700 26.947 3.600 140.300
26.047 0.000 139.700 26.647 3.600 140.300
25.748 0.000 139.700 26.348 3.600 140.300
25.449 0.000 139.700 26.049 3.600 140.300
25.149 0.000 139.700 25.749 3.600 140.300
24.850 0.000 139.700 25.450 3.600 140.300
24.550 0.000 139.700 25.150 3.600 140.300
24.251 0.000 139.700 24.851 3.600 140.300
23.951 0.000 139.700 24.551 3.600 140.300
23.652 0.000 139.700 24.252 3.600 140.300
23.353 0.000 139.700 23.953 3.600 140.300
23.053 0.000 139.700 23.653 3.600 140.300
22.754 0.000 139.700 23.354 3.600 140.300
22.454 0.000 139.700 23.054 3.600 140.300
22.155 0.000 139.700 22.755 3.600 140.300
21.856 0.000 139.700 22.456 3.600 140.300
21.556 0.000 139.700 22.156 3.600 140.300
21.257 0.000 139.700 21.857 3.600 140.300
20.957 0.000 139.700 21.557 3.600 140.300
20.658 0.000 139.700 21.258 3.600 140.300
20.359 0.000 139.700 20.959 3.600 140.300
20.059 0.000 139.700 20.659 3.600 140.300
19.760 0.000 139.700 20.360 3.600 140.300
19.460 0.000 139.700 20.060 3.600 140.300
19.161 0.000 139.700 19.761 3.600 140.300
18.862 0.000 139.700 19.462 3.600 140.300
18.562 0.000 139.700 19.162 3.600 140.300
18.263 0.000 139.700 18.863 3.600 140.300
17.963 0.000 139.700 18.563 3.600 140.300
17.664 0.000 139.700 18.264 3.600 140.300
17.365 0.000 139.700 17.965 3.600 140.300
17.065 0.000 139.700 17.665 3.600 140.300
16.766 0.000 139.700 17.366 3.600 140.300
16.466 0.000 139.700 17.066 3.600 140.300
16.167 0.000 139.700 16.767 3.600 140.300
15.868 0.000 139.700 16.468 3.600 140.300
15.568 0.000 139.700 16.168 3.600 140.300
15.269 0.000 139.700 15.869 3.600 140.300
14.969 0.000 139.700 15.569 3.600 140.300
14.670 0.000 139.700 15.270 3.600 140.300
14.371 0.000 139.700 14.971 3.600 140.300
14.071 0.000 139.700 14.671 3.600 140.300
13.772 0.000 139.700 14.372 3.600 140.300
13.472 0.000 139.700 14.072 3.600 140.300
13.173 0.000 139.700 13.773 3.600 140.300
12.874 0.000 139.700 13.474 3.600 140.300
12.574 0.000 139.700 13.174 3.600 140.300
12.275 0.000 139.700 12.875 3.600 140.300
11.975 0.000 139.700 12.575 3.600 140.300
11.676 0.000 139.700 12.276 3.600 140.300
11.377 0.000 139.700 11.977 3.600 140.300
11.077 0.000 139.700 11.677 3.600 140.300
10.778 0.000 139.700 11.378 3.600 140.300
10.478 0.000 139.700 11.078 3.600 140.300
10.179 0.000 139.700 10.779 3.600 140.300
9.880 0.000 139.700 10.480 3.600 140.300
9.580 0.000 139.700 10.180 3.600 140.300
9.281 0.000 139.700 9.881 3.600 140.300
8.981 0.000 139.700 9.581 3.600 140.300
8.682 0.000 139.700 9.282 3.600 140.300
8.383 0.000 139.700 8.983 3.600 140.300
8.083 0.000 139.700 8.683 3.600 140.300
7.784 0.000 139.700 8.384 3.600 140.300
7.484 0.000 139.700 8.084 3.600 140.300
7.185 0.000 139.700 7.785 3.600 140.300
6.886 0.000 139.700 7.486 3.600 140.300
6.586 0.000 139.700 7.186 3.600 140.300
6.287 0.000 139.700 6.887 3.600 140.300
5.987 0.000 139.700 6.587 3.600 140.300
5.688 0.000 139.700 6.288 3.600 140.300
5.389 0.000 139.700 5.989 3.600 140.300
5.089 0.000 139.700 5.689 3.600 140.300
4.790 0.000 139.700 5.390 3.600 140.300
4.490 0.000 139.700 5.090 3.600 140.300
4.191 0.000 139.700 4.791 3.600 140.300
3.892 0.000 139.700 4.492 3.600 140.300
3.592 0.000 139.700 4.192 3.600 140.300
3.293 0.000 139.700 3.893 3.600 140.300
2.993 0.000 139.700 3.593 3.600 140.300
2.694 0.000 139.700 3.294 3.600 140.300
2.395 0.000 139.700 2.995 3.600 140.300
2.095 0.000 139.700 2.695 3.600 140.300
1.796 0.000 139.700 2.396 3.600 140.300
1.496 0.000 139.700 2.096 3.600 140.300
1.197 0.000 139.700 1.797 3.600 140.300
0.898 0.000 139.700 1.498 3.600 140.300
0.598 0.000 139.700 1.198 3.600 140.300
0.299 0.000 139.700 0.899 3.600 140.300
-0.001 0.000 139.700 0.599 3.600 140.300
-0.300 0.000 139.700 0.300 3.600 140.300
-0.300 0.000 139.700 0.300 3.600 140.300
-0.300 0.000 139.406 0.300 3.600 140.006
-0.300 0.000 139.112 0.300 3.600 139.712
-0.300 0.000 138.818 0.300 3.600 139.418
-0.300 0.000 138.524 0.300 3.600 139.124
-0.300 0.000 138.229 0.300 3.600 138.829
-0.300 0.000 137.935 0.300 3.600 138.535
-0.300 0.000 137.641 0.300 3.600 138.241
-0.300 0.000 137.347 0.300 3.600 137.947
-0.300 0.000 137.053 0.300 3.600 137.653
-0.300 0.000 136.759 0.300 3.600 137.359
-0.300 0.000 136.465 0.300 3.600 137.065
-0.300 0.000 136.171 0.300 3.600 136.771
-0.300 0.000 135.876 0.300 3.600 136.476
-0.300 0.000 135.582 0.300 3.600 136.182
-0.300 0.000 135.288 0.300 3.600 135.888
-0.300 0.000 134.994 0.300 3.600 135.594
-0.300 0.000 134.700 0.300 3.600 135.300
-0.300 0.000 134.406 0.300 3.600 135.006
-0.300 0.000 134.112 0.300 3.600 134.712
-0.300 0.000 133.818 0.300 3.600 134.418
-0.300 0.000 133.524 0.300 3.600 134.124
-0.300 0.000 133.229 0.300 3.600 133.829
-0.300 0.000 132.935 0.300 3.600 133.535
-0.300 0.000 132.641 0.300 3.600 133.241
-0.300 0.000 132.347 0.300 3.600 132.947
-0.300 0.000 132.053 0.300 3.600 132.653
-0.300 0.000 131.759 0.300 3.600 132.359
-0.300 0.000 131.465 0.300 3.600 132.065
-0.300 0.000 131.171 0.300 3.600 131.771
-0.300 0.000 130.876 0.300 3.600 131.476
-0.300 0.000 130.582 0.300 3.600 131.182
-0.300 0.000 130.288 0.300 3.600 130.888
-0.300 0.000 129.994 0.300 3.600 130.594
-0.300 0.000 129.700 0.300 3.600 130.300
-0.300 0.000 119.700 0.300 3.600 120.300
-0.300 0.000 119.400 0.300 3.600 120.000
-0.300 0.000 119.100 0.300 3.600 119.700
-0.300 0.000 118.800 0.300 3.600 119.400
-0.300 0.000 118.500 0.300 3.600 119.100
-0.300 0.000 118.200 0.300 3.600 118.800
-0.300 0.000 117.900 0.300 3.600 118.500
-0.300 0.000 117.600 0.300 3.600 118.200
-0.300 0.000 117.300 0.300 3.600 117.900
-0.300 0.000 117.000 0.300 3.600 117.600
-0.300 0.000 116.700 0.300 3.600 117.300
-0.300 0.000 116.400 0.300 3.600 117.000
-0.300 0.000 116.100 0.300 3.600 116.700
-0.300 0.000 115.800 0.300 3.600 116.400
-0.300 0.000 115.500 0.300 3.600 116.100
-0.300 0.000 115.200 0.300 3.600 115.800
-0.300 0.000 114.900 0.300 3.600 115.500
-0.300 0.000 114.600 0.300 3.600 115.200
-0.300 0.000 114.300 0.300 3.600 114.900
-0.300 0.000 114.000 0.300 3.600 114.600
-0.300 0.000 113.700 0.300 3.600 114.300
-0.300 0.000 113.400 0.300 3.600 114.000
-0.300 0.000 113.100 0.300 3.600 113.700
-0.300 0.000 112.800 0.300 3.600 113.400
-0.300 0.000 112.500 0.300 3.600 113.100
-0.300 0.000 112.200 0.300 3.600 112.800
-0.300 0.000 111.900 0.300 3.600 112.500
-0.300 0.000 111.600 0.300 3.600 112.200
-0.300 0.000 111.300 0.300 3.600 111.900
-0.300 0.000 111.000 0.300 3.600 111.600
-0.300 0.000 110.700 0.300 3.600 111.300
-0.300 0.000 110.400 0.300 3.600 111.000
-0.300 0.000 110.100 0.300 3.600 110.700
-0.300 0.000 109.800 0.300 3.600 110.400
-0.300 0.000 109.500 0.300 3.600 110.100
-0.300 0.000 109.200 0.300 3.600 109.800
-0.300 0.000 108.900 0.300 3.600 109.500
-0.300 0.000 108.600 0.300 3.600 109.200
-0.300 0.000 108.300 0.300 3.600 108.900
-0.300 0.000 108.000 0.300 3.600 108.600
-0.300 0.000 107.700 0.300 3.600 108.300
-0.300 0.000 107.400 0.300 3.600 108.000
-0.300 0.000 107.100 0.300 3.600 107.700
-0.300 0.000 106.800 0.300 3.600 107.400
-0.300 0.000 106.500 0.300 3.600 107.100
-0.300 0.000 106.200 0.300 3.600 106.800
-0.300 0.000 105.900 0.300 3.600 106.500
-0.300 0.000 105.600 0.300 3.600 106.200
-0.300 0.000 105.300 0.300 3.600 105.900
-0.300 0.000 105.000 0.300 3.600 105.600
-0.300 0.000 104.700 0.300 3.600 105.300
-0.300 0.000 104.400 0.300 3.600 105.000
-0.300 0.000 104.100 0.300 3.600 104.700
-0.300 0.000 103.800 0.300 3.600 104.400
-0.300 0.000 103.500 0.300 3.600 104.100
-0.300 0.000 103.200 0.300 3.600 103.800
-0.300 0.000 102.900 0.300 3.600 103.500
-0.300 0.000 102.600 0.300 3.600 103.200
-0.300 0.000 102.300 0.300 3.600 102.900
-0.300 0.000 102.000 0.300 3.600 102.600
-0.300 0.000 101.700 0.300 3.600 102.300
-0.300 0.000 101.400 0.300 3.600 102.000
-0.300 0.000 101.100 0.300 3.600 101.700
-0.300 0.000 100.800 0.300 3.600 101.400
-0.300 0.000 100.500 0.300 3.600 101.100
-0.300 0.000 100.200 0.300 3.600 100.800
-0.300 0.000 99.900 0.300 3.600 100.500
-0.300 0.000 99.600 0.300 3.600 100.200
-0.300 0.000 99.300 0.300 3.600 99.900
-0.300 0.000 99.000 0.300 3.600 99.600
-0.300 0.000 98.700 0.300 3.600 99.300
-0.300 0.000 98.400 0.300 3.600 99.000
-0.300 0.000 98.100 0.300 3.600 98.700
-0.300 0.000 97.800 0.300 3.600 98.400
-0.300 0.000 97.500 0.300 3.600 98.100
-0.300 0.000 97.200 0.300 3.600 97.800
-0.300 0.000 96.900 0.300 3.600 97.500
-0.300 0.000 96.600 0.300 3.600 97.200
-0.300 0.000 96.300 0.300 3.600 96.900
-0.300 0.000 96.000 0.300 3.600 96.600
-0.300 0.000 95.700 0.300 3.600 96.300
-0.300 0.000 95.400 0.300 3.600 96.000
-0.300 0.000 95.100 0.300 3.600 95.700
-0.300 0.000 94.800 0.300 3.600 95.400
-0.300 0.000 94.500 0.300 3.600 95.100
-0.300 0.000 94.200 0.300 3.600 94.800
-0.300 0.000 93.900 0.300 3.600 94.500
-0.300 0.000 93.600 0.300 3.600 94.200
-0.300 0.000 93.300 0.300 3.600 93.900
-0.300 0.000 93.000 0.300 3.600 93.600
-0.300 0.000 92.700 0.300 3.600 93.300
-0.300 0.000 92.400 0.300 3.600 93.000
-0.300 0.000 92.100 0.300 3.600 92.700
-0.300 0.000 91.800 0.300 3.600 92.400
-0.300 0.000 91.500 0.300 3.600 92.100
-0.300 0.000 91.200 0.300 3.600 91.800
-0.300 0.000 90.900 0.300 3.600 91.500
-0.300 0.000 90.600 0.300 3.600 91.200
-0.300 0.000 90.300 0.300 3.600 90.900
-0.300 0.000 90.000 0.300 3.600 90.600
-0.300 0.000 89.700 0.300 3.600 90.300
-0.300 0.000 89.400 0.300 3.600 90.000
-0.300 0.000 89.100 0.300 3.600 89.700
-0.300 0.000 88.800 0.300 3.600 89.400
-0.300 0.000 88.500 0.300 3.600 89.100
-0.300 0.000 88.200 0.300 3.600 88.800
-0.300 0.000 87.900 0.300 3.600 88.500
-0.300 0.000 87.600 0.300 3.600 88.200
-0.300 0.000 87.300 0.300 3.600 87.900
-0.300 0.000 87.000 0.300 3.600 87.600
-0.300 0.000 86.700 0.300 3.600 87.300
-0.300 0.000 86.400 0.300 3.600 87.000
-0.300 0.000 86.100 0.300 3.600 86.700
-0.300 0.000 85.800 0.300 3.600 86.400
-0.300 0.000 85.500 0.300 3.600 86.100
-0.300 0.000 85.200 0.300 3.600 85.800
-0.300 0.000 84.900 0.300 3.600 85.500
-0.300 0.000 84.600 0.300 3.600 85.200
-0.300 0.000 84.300 0.300 3.600 84.900
-0.300 0.000 84.000 0.300 3.600 84.600
-0.300 0.000 83.700 0.300 3.600 84.300
-0.300 0.000 83.400 0.300 3.600 84.000
-0.300 0.000 83.100 0.300 3.600 83.700
-0.300 0.000 82.800 0.300 3.600 83.400
-0.300 0.000 82.500 0.300 3.600 83.100
-0.300 0.000 82.200 0.300 3.600 82.800
-0.300 0.000 81.900 0.300 3.600 82.500
-0.300 0.000 81.600 0.300 3.600 82.200
-0.300 0.000 81.300 0.300 3.600 81.900
-0.300 0.000 81.000 0.300 3.600 81.600
-0.300 0.000 80.700 0.300 3.600 81.300
-0.300 0.000 80.400 0.300 3.600 81.000
-0.300 0.000 80.100 0.300 3.600 80.700
-0.300 0.000 79.800 0.300 3.600 80.400
-0.300 0.000 79.500 0.300 3.600 80.100
-0.300 0.000 79.200 0.300 3.600 79.800
-0.300 0.000 78.900 0.300 3.600 79.500
-0.300 0.000 78.600 0.300 3.600 79.200
-0.300 0.000 78.300 0.300 3.600 78.900
-0.300 0.000 78.000 0.300 3.600 78.600
-0.300 0.000 77.700 0.300 3.600 78.300
-0.300 0.000 77.400 0.300 3.600 78.000
-0.300 0.000 77.100 0.300 3.600 77.700
-0.300 0.000 76.800 0.300 3.600 77.400
-0.300 0.000 76.500 0.300 3.600 77.100
-0.300 0.000 76.200 0.300 3.600 76.800
-0.300 0.000 75.900 0.300 3.600 76.500
-0.300 0.000 75.600 0.300 3.600 76.200
-0.300 0.000 75.300 0.300 3.600 75.900
-0.300 0.000 75.000 0.300 3.600 75.600
-0.300 0.000 74.700 0.300 3.600 75.300
-0.300 0.000 74.400 0.300 3.600 75.000
-0.300 0.000 74.100 0.300 3.600 74.700
-0.300 0.000 73.800 0.300 3.600 74.400
-0.300 0.000 73.500 0.300 3.600 74.100
-0.300 0.000 73.200 0.300 3.600 73.800
-0.300 0.000 72.900 0.300 3.600 73.500
-0.300 0.000 72.600 0.300 3.600 73.200
-0.300 0.000 72.300 0.300 3.600 72.900
-0.300 0.000 72.000 0.300 3.600 72.600
-0.300 0.000 71.700 0.300 3.600 72.300
-0.300 0.000 71.400 0.300 3.600 72.000
-0.300 0.000 71.100 0.300 3.600 71.700
-0.300 0.000 70.800 0.300 3.600 71.400
-0.300 0.000 70.500 0.300 3.600 71.100
-0.300 0.000 70.200 0.300 3.600 70.800
-0.300 0.000 69.900 0.300 3.600 70.500
-0.300 0.000 69.600 0.300 3.600 70.200
-0.300 0.000 69.300 0.300 3.600 69.900
-0.300 0.000 69.000 0.300 3.600 69.600
-0.300 0.000 68.700 0.300 3.600 69.300
-0.300 0.000 68.400 0.300 3.600 69.000
-0.300 0.000 68.100 0.300 3.600 68.700
-0.300 0.000 67.800 0.300 3.600 68.400
-0.300 0.000 67.500 0.300 3.600 68.100
-0.300 0.000 67.200 0.300 3.600 67.800
-0.300 0.000 66.900 0.300 3.600 67.500
-0.300 0.000 66.600 0.300 3.600 67.200
-0.300 0.000 66.300 0.300 3.600 66.900
-0.300 0.000 66.000 0.300 3.600 66.600
-0.300 0.000 65.700 0.300 3.600 66.300
-0.300 0.000 65.400 0.300 3.600 66.000
-0.300 0.000 65.100 0.300 3.600 65.700
-0.300 0.000 64.800 0.300 3.600 65.400
-0.300 0.000 64.500 0.300 3.600 65.100
-0.300 0.000 64.200 0.300 3.600 64.800
-0.300 0.000 63.900 0.300 3.600 64.500
-0.300 0.000 63.600 0.300 3.600 64.200
-0.300 0.000 63.300 0.300 3.600 63.900
-0.300 0.000 63.000 0.300 3.600 63.600
-0.300 0.000 62.700 0.300 3.600 63.300
-0.300 0.000 62.400 0.300 3.600 63.000
-0.300 0.000 62.100 0.300 3.600 62.700
-0.300 0.000 61.800 0.300 3.600 62.400
-0.300 0.000 61.500 0.300 3.600 62.100
-0.300 0.000 61.200 0.300 3.600 61.800
-0.300 0.000 60.900 0.300 3.600 61.500
-0.300 0.000 60.600 0.300 3.600 61.200
-0.300 0.000 60.300 0.300 3.600 60.900
-0.300 0.000 60.000 0.300 3.600 60.600
-0.300 0.000 59.700 0.300 3.600 60.300
-0.300 0.000 59.400 0.300 3.600 60.000
-0.300 0.000 59.100 0.300 3.600 59.700
-0.300 0.000 58.800 0.300 3.600 59.400
-0.300 0.000 58.500 0.300 3.600 59.100
-0.300 0.000 58.200 0.300 3.600 58.800
-0.300 0.000 57.900 0.300 3.600 58.500
-0.300 0.000 57.600 0.300 3.600 58.200
-0.300 0.000 57.300 0.300 3.600 57.900
-0.300 0.000 57.000 0.300 3.600 57.600
-0.300 0.000 56.700 0.300 3.600 57.300
-0.300 0.000 56.400 0.300 3.600 57.000
-0.300 0.000 56.100 0.300 3.600 56.700
-0.300 0.000 55.800 0.300 3.600 56.400
-0.300 0.000 55.500 0.300 3.600 56.100
-0.300 0.000 55.200 0.300 3.600 55.800
-0.300 0.000 54.900 0.300 3.600 55.500
-0.300 0.000 54.600 0.300 3.600 55.200
-0.300 0.000 54.300 0.300 3.600 54.900
-0.300 0.000 54.000 0.300 3.600 54.600
-0.300 0.000 53.700 0.300 3.600 54.300
-0.300 0.000 53.400 0.300 3.600 54.000
-0.300 0.000 53.100 0.300 3.600 53.700
-0.300 0.000 52.800 0.300 3.600 53.400
-0.300 0.000 52.500 0.300 3.600 53.100
-0.300 0.000 52.200 0.300 3.600 52.800
-0.300 0.000 51.900 0.300 3.600 52.500
-0.300 0.000 51.600 0.300 3.600 52.200
-0.300 0.000 51.300 0.300 3.600 51.900
-0.300 0.000 51.000 0.300 3.600 51.600
-0.300 0.000 50.700 0.300 3.600 51.300
-0.300 0.000 50.400 0.300 3.600 51.000
-0.300 0.000 50.100 0.300 3.600 50.700
-0.300 0.000 49.800 0.300 3.600 50.400
-0.300 0.000 49.500 0.300 3.600 50.100
-0.300 0.000 49.200 0.300 3.600 49.800
-0.300 0.000 48.900 0.300 3.600 49.500
-0.300 0.000 48.600 0.300 3.600 49.200
-0.300 0.000 48.300 0.300 3.600 48.900
-0.300 0.000 48.000 0.300 3.600 48.600
-0.300 0.000 47.700 0.300 3.600 48.300
-0.300 0.000 47.400 0.300 3.600 48.000
-0.300 0.000 47.100 0.300 3.600 47.700
-0.300 0.000 46.800 0.300 3.600 47.400
-0.300 0.000 46.500 0.300 3.600 47.100
-0.300 0.000 46.200 0.300 3.600 46.800
-0.300 0.000 45.900 0.300 3.600 46.500
-0.300 0.000 45.600 0.300 3.600 46.200
-0.300 0.000 45.300 0.300 3.600 45.900
-0.300 0.000 45.000 0.300 3.600 45.600
-0.300 0.000 44.700 0.300 3.600 45.300
-0.300 0.000 44.400 0.300 3.600 45.000
-0.300 0.000 44.100 0.300 3.600 44.700
-0.300 0.000 43.800 0.300 3.600 44.400
-0.300 0.000 43.500 0.300 3.600 44.100
-0.300 0.000 43.200 0.300 3.600 43.800
-0.300 0.000 42.900 0.300 3.600 43.500
-0.300 0.000 42.600 0.300 3.600 43.200
-0.300 0.000 42.300 0.300 3.600 42.900
-0.300 0.000 42.000 0.300 3.600 42.600
-0.300 0.000 41.700 0.300 3.600 42.300
-0.300 0.000 41.400 0.300 3.600 42.000
-0.300 0.000 41.100 0.300 3.600 41.700
-0.300 0.000 40.800 0.300 3.600 41.400
-0.300 0.000 40.500 0.300 3.600 41.100
-0.300 0.000 40.200 0.300 3.600 40.800
-0.300 0.000 39.900 0.300 3.600 40.500
-0.300 0.000 39.600 0.300 3.600 40.200
-0.300 0.000 39.300 0.300 3.600 39.900
-0.300 0.000 39.000 0.300 3.600 39.600
-0.300 0.000 38.700 0.300 3.600 39.300
-0.300 0.000 38.400 0.300 3.600 39.000
-0.300 0.000 38.100 0.300 3.600 38.700
-0.300 0.000 37.800 0.300 3.600 38.400
-0.300 0.000 37.500 0.300 3.600 38.100
-0.300 0.000 37.200 0.300 3.600 37.800
-0.300 0.000 36.900 0.300 3.600 37.500
-0.300 0.000 36.600 0.300 3.600 37.200
-0.300 0.000 36.300 0.300 3.600 36.900
-0.300 0.000 36.000 0.300 3.600 36.600
-0.300 0.000 35.700 0.300 3.600 36.300
-0.300 0.000 35.400 0.300 3.600 36.000
-0.300 0.000 35.100 0.300 3.600 35.700
-0.300 0.000 34.800 0.300 3.600 35.400
-0.300 0.000 34.500 0.300 3.600 35.100
-0.300 0.000 34.200 0.300 3.600 34.800
-0.300 0.000 33.900 0.300 3.600 34.500
-0.300 0.000 33.600 0.300 3.600 34.200
-0.300 0.000 33.300 0.300 3.600 33.900
-0.300 0.000 33.000 0.300 3.600 33.600
-0.300 0.000 32.700 0.300 3.600 33.300
-0.300 0.000 32.400 0.300 3.600 33.000
-0.300 0.000 32.100 0.300 3.600 32.700
-0.300 0.000 31.800 0.300 3.600 32.400
-0.300 0.000 31.500 0.300 3.600 32.100
-0.300 0.000 31.200 0.300 3.600 31.800
-0.300 0.000 30.900 0.300 3.600 31.500
-0.300 0.000 30.600 0.300 3.600 31.200
-0.300 0.000 30.300 0.300 3.600 30.900
-0.300 0.000 30.000 0.300 3.600 30.600
-0.300 0.000 29.700 0.300 3.600 30.300
-0.300 0.000 29.400 0.300 3.600 30.000
-0.300 0.000 29.100 0.300 3.600 29.700
-0.300 0.000 28.800 0.300 3.600 29.400
-0.300 0.000 28.500 0.300 3.600 29.100
-0.300 0.000 28.200 0.300 3.600 28.800
-0.300 0.000 27.900 0.300 3.600 28.500
-0.300 0.000 27.600 0.300 3.600 28.200
-0.300 0.000 27.300 0.300 3.600 27.900
-0.300 0.000 27.000 0.300 3.600 27.600
-0.300 0.000 26.700 0.300 3.600 27.300
-0.300 0.000 26.400 0.300 3.600 27.000
-0.300 0.000 26.100 0.300 3.600 26.700
-0.300 0.000 25.800 0.300 3.600 26.400
-0.300 0.000 25.500 0.300 3.600 26.100
-0.300 0.000 25.200 0.300 3.600 25.800
-0.300 0.000 24.900 0.300 3.600 25.500
-0.300 0.000 24.600 0.300 3.600 25.200
-0.300 0.000 24.300 0.300 3.600 24.900
-0.300 0.000 24.000 0.300 3.600 24.600
-0.300 0.000 23.700 0.300 3.600 24.300
-0.300 0.000 23.400 0.300 3.600 24.000
-0.300 0.000 23.100 0.300 3.600 23.700
-0.300 0.000 22.800 0.300 3.600 23.400
-0.300 0.000 22.500 0.300 3.600 23.100
-0.300 0.000 22.200 0.300 3.600 22.800
-0.300 0.000 21.900 0.300 3.600 22.500
-0.300 0.000 21.600 0.300 3.600 22.200
-0.300 0.000 21.300 0.300 3.600 21.900
-0.300 0.000 21.000 0.300 3.600 21.600
-0.300 0.000 20.700 0.300 3.600 21.300
-0.300 0.000 20.400 0.300 3.600 21.000
-0.300 0.000 20.100 0.300 3.600 20.700
-0.300 0.000 19.800 0.300 3.600 20.400
-0.300 0.000 19.500 0.300 3.600 20.100
-0.300 0.000 19.200 0.300 3.600 19.800
-0.300 0.000 18.900 0.300 3.600 19.500
-0.300 0.000 18.600 0.300 3.600 19.200
-0.300 0.000 18.300 0.300 3.600 18.900
-0.300 0.000 18.000 0.300 3.600 18.600
-0.300 0.000 17.700 0.300 3.600 18.300
-0.300 0.000 17.400 0.300 3.600 18.000
-0.300 0.000 17.100 0.300 3.600 17.700
-0.300 0.000 16.800 0.300 3.600 17.400
-0.300 0.000 16.500 0.300 3.600 17.100
-0.300 0.000 16.200 0.300 3.600 16.800
-0.300 0.000 15.900 0.300 3.600 16.500
-0.300 0.000 15.600 0.300 3.600 16.200
-0.300 0.000 15.300 0.300 3.600 15.900
-0.300 0.000 15.000 0.300 3.600 15.600
-0.300 0.000 14.700 0.300 3.600 15.300
-0.300 0.000 14.400 0.300 3.600 15.000
-0.300 0.000 14.100 0.300 3.600 14.700
-0.300 0.000 13.800 0.300 3.600 14.400
-0.300 0.000 13.500 0.300 3.600 14.100
-0.300 0.000 13.200 0.300 3.600 13.800
-0.300 0.000 12.900 0.300 3.600 13.500
-0.300 0.000 12.600 0.300 3.600 13.200
-0.300 0.000 12.300 0.300 3.600 12.900
-0.300 0.000 12.000 0.300 3.600 12.600
-0.300 0.000 11.700 0.300 3.600 12.300
-0.300 0.000 11.400 0.300 3.600 12.000
-0.300 0.000 11.100 0.300 3.600 11.700
-0.300 0.000 10.800 0.300 3.600 11.400
-0.300 0.000 10.500 0.300 3.600 11.100
-0.300 0.000 10.200 0.300 3.600 10.800
-0.300 0.000 9.900 0.300 3.600 10.500
-0.300 0.000 9.600 0.300 3.600 10.200
-0.300 0.000 9.300 0.300 3.600 9.900
-0.300 0.000 9.000 0.300 3.600 9.600
-0.300 0.000 8.700 0.300 3.600 9.300
-0.300 0.000 8.400 0.300 3.600 9.000
-0.300 0.000 8.100 0.300 3.600 8.700
-0.300 0.000 7.800 0.300 3.600 8.400
-0.300 0.000 7.500 0.300 3.600 8.100
-0.300 0.000 7.200 0.300 3.600 7.800
-0.300 0.000 6.900 0.300 3.600 7.500
-0.300 0.000 6.600 0.300 3.600 7.200
-0.300 0.000 6.300 0.300 3.600 6.900
-0.300 0.000 6.000 0.300 3.600 6.600
-0.300 0.000 5.700 0.300 3.600 6.300
-0.300 0.000 5.400 0.300 3.600 6.000
-0.300 0.000 5.100 0.300 3.600 5.700
-0.300 0.000 4.800 0.300 3.600 5.400
-0.300 0.000 4.500 0.300 3.600 5.100
-0.300 0.000 4.200 0.300 3.600 4.800
-0.300 0.000 3.900 0.300 3.600 4.500
-0.300 0.000 3.600 0.300 3.600 4.200
-0.300 0.000 3.300 0.300 3.600 3.900
-0.300 0.000 3.000 0.300 3.600 3.600
-0.300 0.000 2.700 0.300 3.600 3.300
-0.300 0.000 2.400 0.300 3.600 3.000
-0.300 0.000 2.100 0.300 3.600 2.700
-0.300 0.000 1.800 0.300 3.600 2.400
-0.300 0.000 1.500 0.300 3.600 2.100
-0.300 0.000 1.200 0.300 3.600 1.800
-0.300 0.000 0.900 0.300 3.600 1.500
-0.300 0.000 0.600 0.300 3.600 1.200
-0.300 0.000 0.300 0.300 3.600 0.900
-0.300 0.000 -0.000 0.300 3.600 0.600
-0.300 0.000 -0.300 0.300 3.600 0.300
4.700 0.000 19.700 5.300 3.600 20.300
4.911 0.000 19.489 5.511 3.600 20.089
5.123 0.000 19.277 5.723 3.600 19.877
5.334 0.000 19.066 5.934 3.600 19.666
5.545 0.000 18.855 6.145 3.600 19.455
5.756 0.000 18.644 6.356 3.600 19.244
5.968 0.000 18.432 6.568 3.600 19.032
6.179 0.000 18.221 6.779 3.600 18.821
6.390 0.000 18.010 6.990 3.600 18.610
6.601 0.000 17.799 7.201 3.600 18.399
6.813 0.000 17.587 7.413 3.600 18.187
7.024 0.000 17.376 7.624 3.600 17.976
7.235 0.000 17.165 7.835 3.600 17.765
7.446 0.000 16.954 8.046 3.600 17.554
7.658 0.000 16.742 8.258 3.600 17.342
7.869 0.000 16.531 8.469 3.600 17.131
8.080 0.000 16.320 8.680 3.600 16.920
8.292 0.000 16.108 8.892 3.600 16.708
8.503 0.000 15.897 9.103 3.600 16.497
8.714 0.000 15.686 9.314 3.600 16.286
8.925 0.000 15.475 9.525 3.600 16.075
9.137 0.000 15.263 9.737 3.600 15.863
9.348 0.000 15.052 9.948 3.600 15.652
9.559 0.000 14.841 10.159 3.600 15.441
9.770 0.000 14.630 10.370 3.600 15.230
9.982 0.000 14.418 10.582 3.600 15.018
10.193 0.000 14.207 10.793 3.600 14.807
10.404 0.000 13.996 11.004 3.600 14.596
10.615 0.000 13.785 11.215 3.600 14.385
10.827 0.000 13.573 11.427 3.600 14.173
11.038 0.000 13.362 11.638 3.600 13.962
11.249 0.000 13.151 11.849 3.600 13.751
11.461 0.000 12.939 12.061 3.600 13.539
11.672 0.000 12.728 12.272 3.600 13.328
11.883 0.000 12.517 12.483 3.600 13.117
12.094 0.000 12.306 12.694 3.600 12.906
12.306 0.000 12.094 12.906 3.600 12.694
12.517 0.000 11.883 13.117 3.600 12.483
12.728 0.000 11.672 13.328 3.600 12.272
12.939 0.000 11.461 13.539 3.600 12.061
13.151 0.000 11.249 13.751 3.600 11.849
13.362 0.000 11.038 13.962 3.600 11.638
13.573 0.000 10.827 14.173 3.600 11.427
13.785 0.000 10.615 14.385 3.600 11.215
13.996 0.000 10.404 14.596 3.600 11.004
14.207 0.000 10.193 14.807 3.600 10.793
14.418 0.000 9.982 15.018 3.600 10.582
14.630 0.000 9.770 15.230 3.600 10.370
14.841 0.000 9.559 15.441 3.600 10.159
15.052 0.000 9.348 15.652 3.600 9.948
15.263 0.000 9.137 15.863 3.600 9.737
15.475 0.000 8.925 16.075 3.600 9.525
15.686 0.000 8.714 16.286 3.600 9.314
15.897 0.000 8.503 16.497 3.600 9.103
16.108 0.000 8.292 16.708 3.600 8.892
16.320 0.000 8.080 16.920 3.600 8.680
16.531 0.000 7.869 17.131 3.600 8.469
16.742 0.000 7.658 17.342 3.600 8.258
16.954 0.000 7.446 17.554 3.600 8.046
17.165 0.000 7.235 17.765 3.600 7.835
17.376 0.000 7.024 17.976 3.600 7.624
17.587 0.000 6.813 18.187 3.600 7.413
17.799 0.000 6.601 18.399 3.600 7.201
18.010 0.000 6.390 18.610 3.600 6.990
18.221 0.000 6.179 18.821 3.600 6.779
18.432 0.000 5.968 19.032 3.600 6.568
18.644 0.000 5.756 19.244 3.600 6.356
18.855 0.000 5.545 19.455 3.600 6.145
19.066 0.000 5.334 19.666 3.600 5.934
19.277 0.000 5.123 19.877 3.600 5.723
19.489 0.000 4.911 20.089 3.600 5.511
19.700 0.000 4.700 20.300 3.600 5.300
19.700 0.000 4.700 20.300 3.600 5.300
19.700 0.000 5.000 20.300 3.600 5.600
19.700 0.000 5.300 20.300 3.600 5.900
19.700 0.000 5.600 20.300 3.600 6.200
19.700 0.000 5.900 20.300 3.600 6.500
19.700 0.000 6.200 20.300 3.600 6.800
19.700 0.000 6.500 20.300 3.600 7.100
19.700 0.000 6.800 20.300 3.600 7.400
19.700 0.000 7.100 20.300 3.600 7.700
19.700 0.000 7.400 20.300 3.600 8.000
19.700 0.000 7.700 20.300 3.600 8.300
19.700 0.000 8.000 20.300 3.600 8.600
19.700 0.000 8.300 20.300 3.600 8.900
19.700 0.000 8.600 20.300 3.600 9.200
19.700 0.000 8.900 20.300 3.600 9.500
19.700 0.000 9.200 20.300 3.600 9.800
19.700 0.000 9.500 20.300 3.600 10.100
19.700 0.000 9.800 20.300 3.600 10.400
19.700 0.000 10.100 20.300 3.600 10.700
19.700 0.000 10.400 20.300 3.600 11.000
19.700 0.000 10.700 20.300 3.600 11.300
19.700 0.000 11.000 20.300 3.600 11.600
19.700 0.000 11.300 20.300 3.600 11.900
19.700 0.000 11.600 20.300 3.600 12.200
19.700 0.000 11.900 20.300 3.600 12.500
19.700 0.000 12.200 20.300 3.600 12.800
19.700 0.000 12.500 20.300 3.600 13.100
19.700 0.000 12.800 20.300 3.600 13.400
19.700 0.000 13.100 20.300 3.600 13.700
19.700 0.000 13.400 20.300 3.600 14.000
19.700 0.000 13.700 20.300 3.600 14.300
19.700 0.000 14.000 20.300 3.600 14.600
19.700 0.000 14.300 20.300 3.600 14.900
19.700 0.000 14.600 20.300 3.600 15.200
19.700 0.000 14.900 20.300 3.600 15.500
19.700 0.000 15.200 20.300 3.600 15.800
19.700 0.000 15.500 20.300 3.600 16.100
19.700 0.000 15.800 20.300 3.600 16.400
19.700 0.000 16.100 20.300 3.600 16.700
19.700 0.000 16.400 20.300 3.600 17.000
19.700 0.000 16.700 20.300 3.600 17.300
19.700 0.000 17.000 20.300 3.600 17.600
19.700 0.000 17.300 20.300 3.600 17.900
19.700 0.000 17.600 20.300 3.600 18.200
19.700 0.000 17.900 20.300 3.600 18.500
19.700 0.000 18.200 20.300 3.600 18.800
19.700 0.000 18.500 20.300 3.600 19.100
19.700 0.000 18.800 20.300 3.600 19.400
19.700 0.000 19.100 20.300 3.600 19.700
19.700 0.000 19.400 20.300 3.600 20.000
19.700 0.000 19.700 20.300 3.600 20.300
19.700 0.000 19.700 20.300 3.600 20.300
19.400 0.000 19.700 20.000 3.600 20.300
19.100 0.000 19.700 19.700 3.600 20.300
18.800 0.000 19.700 19.400 3.600 20.300
18.500 0.000 19.700 19.100 3.600 20.300
18.200 0.000 19.700 18.800 3.600 20.300
17.900 0.000 19.700 18.500 3.600 20.300
17.600 0.000 19.700 18.200 3.600 20.300
17.300 0.000 19.700 17.900 3.600 20.300
17.000 0.000 19.700 17.600 3.600 20.300
16.700 0.000 19.700 17.300 3.600 20.300
16.400 0.000 19.700 17.000 3.600 20.300
16.100 0.000 19.700 16.700 3.600 20.300
15.800 0.000 19.700 16.400 3.600 20.300
15.500 0.000 19.700 16.100 3.600 20.300
15.200 0.000 19.700 15.800 3.600 20.300
14.900 0.000 19.700 15.500 3.600 20.300
14.600 0.000 19.700 15.200 3.600 20.300
14.300 0.000 19.700 14.900 3.600 20.300
14.000 0.000 19.700 14.600 3.600 20.300
13.700 0.000 19.700 14.300 3.600 20.300
13.400 0.000 19.700 14.000 3.600 20.300
13.100 0.000 19.700 13.700 3.600 20.300
12.800 0.000 19.700 13.400 3.600 20.300
12.500 0.000 19.700 13.100 3.600 20.300
12.200 0.000 19.700 12.800 3.600 20.300
11.900 0.000 19.700 12.500 3.600 20.300
11.600 0.000 19.700 12.200 3.600 20.300
11.300 0.000 19.700 11.900 3.600 20.300
11.000 0.000 19.700 11.600 3.600 20.300
10.700 0.000 19.700 11.300 3.600 20.300
10.400 0.000 19.700 11.000 3.600 20.300
10.100 0.000 19.700 10.700 3.600 20.300
9.800 0.000 19.700 10.400 3.600 20.300
9.500 0.000 19.700 10.100 3.600 20.300
9.200 0.000 19.700 9.800 3.600 20.300
8.900 0.000 19.700 9.500 3.600 20.300
8.600 0.000 19.700 9.200 3.600 20.300
8.300 0.000 19.700 8.900 3.600 20.300
8.000 0.000 19.700 8.600 3.600 20.300
7.700 0.000 19.700 8.300 3.600 20.300
7.400 0.000 19.700 8.000 3.600 20.300
7.100 0.000 19.700 7.700 3.600 20.300
6.800 0.000 19.700 7.400 3.600 20.300
6.500 0.000 19.700 7.100 3.600 20.300
6.200 0.000 19.700 6.800 3.600 20.300
5.900 0.000 19.700 6.500 3.600 20.300
5.600 0.000 19.700 6.200 3.600 20.300
5.300 0.000 19.700 5.900 3.600 20.300
5.000 0.000 19.700 5.600 3.600 20.300
4.700 0.000 19.700 5.300 3.600 20.300
4.700 0.000 4.700 5.300 3.600 5.300
4.934 0.000 4.887 5.534 3.600 5.487
5.167 0.000 5.074 5.767 3.600 5.674
5.401 0.000 5.261 6.001 3.600 5.861
5.635 0.000 5.448 6.235 3.600 6.048
5.868 0.000 5.635 6.468 3.600 6.235
6.102 0.000 5.821 6.702 3.600 6.421
6.336 0.000 6.008 6.936 3.600 6.608
6.569 0.000 6.195 7.169 3.600 6.795
6.803 0.000 6.382 7.403 3.600 6.982
7.036 0.000 6.569 7.636 3.600 7.169
7.270 0.000 6.756 7.870 3.600 7.356
7.504 0.000 6.943 8.104 3.600 7.543
7.737 0.000 7.130 8.337 3.600 7.730
7.971 0.000 7.317 8.571 3.600 7.917
8.205 0.000 7.504 8.805 3.600 8.104
8.438 0.000 7.691 9.038 3.600 8.291
8.672 0.000 7.878 9.272 3.600 8.478
8.906 0.000 8.064 9.506 3.600 8.664
9.139 0.000 8.251 9.739 3.600 8.851
9.373 0.000 8.438 9.973 3.600 9.038
9.607 0.000 8.625 10.207 3.600 9.225
9.840 0.000 8.812 10.440 3.600 9.412
10.074 0.000 8.999 10.674 3.600 9.599
10.307 0.000 9.186 10.907 3.600 9.786
10.541 0.000 9.373 11.141 3.600 9.973
10.775 0.000 9.560 11.375 3.600 10.160
11.008 0.000 9.747 11.608 3.600 10.347
11.242 0.000 9.934 11.842 3.600 10.534
11.476 0.000 10.121 12.076 3.600 10.721
11.709 0.000 10.307 12.309 3.600 10.907
11.943 0.000 10.494 12.543 3.600 11.094
12.177 0.000 10.681 12.777 3.600 11.281
12.410 0.000 10.868 13.010 3.600 11.468
12.644 0.000 11.055 13.244 3.600 11.655
12.878 0.000 11.242 13.478 3.600 11.842
13.111 0.000 11.429 13.711 3.600 12.029
13.345 0.000 11.616 13.945 3.600 12.216
13.579 0.000 11.803 14.179 3.600 12.403
13.812 0.000 11.990 14.412 3.600 12.590
14.046 0.000 12.177 14.646 3.600 12.777
14.279 0.000 12.364 14.879 3.600 12.964
14.513 0.000 12.550 15.113 3.600 13.150
14.747 0.000 12.737 15.347 3.600 13.337
14.980 0.000 12.924 15.580 3.600 13.524
15.214 0.000 13.111 15.814 3.600 13.711
15.448 0.000 13.298 16.048 3.600 13.898
15.681 0.000 13.485 16.281 3.600 14.085
15.915 0.000 13.672 16.515 3.600 14.272
16.149 0.000 13.859 16.749 3.600 14.459
16.382 0.000 14.046 16.982 3.600 14.646
16.616 0.000 14.233 17.216 3.600 14.833
16.850 0.000 14.420 17.450 3.600 15.020
17.083 0.000 14.607 17.683 3.600 15.207
17.317 0.000 14.793 17.917 3.600 15.393
17.550 0.000 14.980 18.150 3.600 15.580
17.784 0.000 15.167 18.384 3.600 15.767
18.018 0.000 15.354 18.618 3.600 15.954
18.251 0.000 15.541 18.851 3.600 16.141
18.485 0.000 15.728 19.085 3.600 16.328
18.719 0.000 15.915 19.319 3.600 16.515
18.952 0.000 16.102 19.552 3.600 16.702
19.186 0.000 16.289 19.786 3.600 16.889
19.420 0.000 16.476 20.020 3.600 17.076
19.653 0.000 16.663 20.253 3.600 17.263
19.887 0.000 16.850 20.487 3.600 17.450
20.121 0.000 17.036 20.721 3.600 17.636
20.354 0.000 17.223 20.954 3.600 17.823
20.588 0.000 17.410 21.188 3.600 18.010
20.821 0.000 17.597 21.421 3.600 18.197
21.055 0.000 17.784 21.655 3.600 18.384
21.289 0.000 17.971 21.889 3.600 18.571
21.522 0.000 18.158 22.122 3.600 18.758
21.756 0.000 18.345 22.356 3.600 18.945
21.990 0.000 18.532 22.590 3.600 19.132
22.223 0.000 18.719 22.823 3.600 19.319
22.457 0.000 18.906 23.057 3.600 19.506
22.691 0.000 19.093 23.291 3.600 19.693
22.924 0.000 19.279 23.524 3.600 19.879
23.158 0.000 19.466 23.758 3.600 20.066
23.392 0.000 19.653 23.992 3.600 20.253
23.625 0.000 19.840 24.225 3.600 20.440
23.859 0.000 20.027 24.459 3.600 20.627
24.093 0.000 20.214 24.693 3.600 20.814
24.326 0.000 20.401 24.926 3.600 21.001
24.560 0.000 20.588 25.160 3.600 21.188
24.793 0.000 20.775 25.393 3.600 21.375
25.027 0.000 20.962 25.627 3.600 21.562
25.261 0.000 21.149 25.861 3.600 21.749
25.494 0.000 21.336 26.094 3.600 21.936
25.728 0.000 21.522 26.328 3.600 22.122
25.962 0.000 21.709 26.562 3.600 22.309
26.195 0.000 21.896 26.795 3.600 22.496
26.429 0.000 22.083 27.029 3.600 22.683
26.663 0.000 22.270 27.263 3.600 22.870
26.896 0.000 22.457 27.496 3.600 23.057
27.130 0.000 22.644 27.730 3.600 23.244
27.364 0.000 22.831 27.964 3.600 23.431
27.597 0.000 23.018 28.197 3.600 23.618
27.831 0.000 23.205 28.431 3.600 23.805
28.064 0.000 23.392 28.664 3.600 23.992
28.298 0.000 23.579 28.898 3.600 24.179
28.532 0.000 23.765 29.132 3.600 24.365
28.765 0.000 23.952 29.365 3.600 24.552
28.999 0.000 24.139 29.599 3.600 24.739
29.233 0.000 24.326 29.833 3.600 24.926
29.466 0.000 24.513 30.066 3.600 25.113
29.700 0.000 24.700 30.300 3.600 25.300
14.700 0.000 24.700 15.300 3.600 25.300
14.938 0.000 24.521 15.538 3.600 25.121
15.176 0.000 24.343 15.776 3.600 24.943
15.414 0.000 24.164 16.014 3.600 24.764
15.652 0.000 23.986 16.252 3.600 24.586
15.890 0.000 23.807 16.490 3.600 24.407
16.129 0.000 23.629 16.729 3.600 24.229
16.367 0.000 23.450 16.967 3.600 24.050
16.605 0.000 23.271 17.205 3.600 23.871
16.843 0.000 23.093 17.443 3.600 23.693
17.081 0.000 22.914 17.681 3.600 23.514
17.319 0.000 22.736 17.919 3.600 23.336
17.557 0.000 22.557 18.157 3.600 23.157
17.795 0.000 22.379 18.395 3.600 22.979
18.033 0.000 22.200 18.633 3.600 22.800
18.271 0.000 22.021 18.871 3.600 22.621
18.510 0.000 21.843 19.110 3.600 22.443
18.748 0.000 21.664 19.348 3.600 22.264
18.986 0.000 21.486 19.586 3.600 22.086
19.224 0.000 21.307 19.824 3.600 21.907
19.462 0.000 21.129 20.062 3.600 21.729
19.700 0.000 20.950 20.300 3.600 21.550
19.938 0.000 20.771 20.538 3.600 21.371
20.176 0.000 20.593 20.776 3.600 21.193
20.414 0.000 20.414 21.014 3.600 21.014
20.652 0.000 20.236 21.252 3.600 20.836
20.890 0.000 20.057 21.490 3.600 20.657
21.129 0.000 19.879 21.729 3.600 20.479
21.367 0.000 19.700 21.967 3.600 20.300
21.605 0.000 19.521 22.205 3.600 20.121
21.843 0.000 19.343 22.443 3.600 19.943
22.081 0.000 19.164 22.681 3.600 19.764
22.319 0.000 18.986 22.919 3.600 19.586
22.557 0.000 18.807 23.157 3.600 19.407
22.795 0.000 18.629 23.395 3.600 19.229
23.033 0.000 18.450 23.633 3.600 19.050
23.271 0.000 18.271 23.871 3.600 18.871
23.510 0.000 18.093 24.110 3.600 18.693
23.748 0.000 17.914 24.348 3.600 18.514
23.986 0.000 17.736 24.586 3.600 18.336
24.224 0.000 17.557 24.824 3.600 18.157
24.462 0.000 17.379 25.062 3.600 17.979
24.700 0.000 17.200 25.300 3.600 17.800
24.938 0.000 17.021 25.538 3.600 17.621
25.176 0.000 16.843 25.776 3.600 17.443
25.414 0.000 16.664 26.014 3.600 17.264
25.652 0.000 16.486 26.252 3.600 17.086
25.890 0.000 16.307 26.490 3.600 16.907
26.129 0.000 16.129 26.729 3.600 16.729
26.367 0.000 15.950 26.967 3.600 16.550
26.605 0.000 15.771 27.205 3.600 16.371
26.843 0.000 15.593 27.443 3.600 16.193
27.081 0.000 15.414 27.681 3.600 16.014
27.319 0.000 15.236 27.919 3.600 15.836
27.557 0.000 15.057 28.157 3.600 15.657
27.795 0.000 14.879 28.395 3.600 15.479
28.033 0.000 14.700 28.633 3.600 15.300
28.271 0.000 14.521 28.871 3.600 15.121
28.510 0.000 14.343 29.110 3.600 14.943
28.748 0.000 14.164 29.348 3.600 14.764
28.986 0.000 13.986 29.586 3.600 14.586
29.224 0.000 13.807 29.824 3.600 14.407
29.462 0.000 13.629 30.062 3.600 14.229
29.700 0.000 13.450 30.300 3.600 14.050
29.938 0.000 13.271 30.538 3.600 13.871
30.176 0.000 13.093 30.776 3.600 13.693
30.414 0.000 12.914 31.014 3.600 13.514
30.652 0.000 12.736 31.252 3.600 13.336
30.890 0.000 12.557 31.490 3.600 13.157
31.129 0.000 12.379 31.729 3.600 12.979
31.367 0.000 12.200 31.967 3.600 12.800
31.605 0.000 12.021 32.205 3.600 12.621
31.843 0.000 11.843 32.443 3.600 12.443
32.081 0.000 11.664 32.681 3.600 12.264
32.319 0.000 11.486 32.919 3.600 12.086
32.557 0.000 11.307 33.157 3.600 11.907
32.795 0.000 11.129 33.395 3.600 11.729
33.033 0.000 10.950 33.633 3.600 11.550
33.271 0.000 10.771 33.871 3.600 11.371
33.510 0.000 10.593 34.110 3.600 11.193
33.748 0.000 10.414 34.348 3.600 11.014
33.986 0.000 10.236 34.586 3.600 10.836
34.224 0.000 10.057 34.824 3.600 10.657
34.462 0.000 9.879 35.062 3.600 10.479
34.700 0.000 9.700 35.300 3.600 10.300
34.700 0.000 9.700 35.300 3.600 10.300
34.794 0.000 9.983 35.394 3.600 10.583
34.889 0.000 10.266 35.489 3.600 10.866
34.983 0.000 10.549 35.583 3.600 11.149
35.077 0.000 10.832 35.677 3.600 11.432
35.172 0.000 11.115 35.772 3.600 11.715
35.266 0.000 11.398 35.866 3.600 11.998
35.360 0.000 11.681 35.960 3.600 12.281
35.455 0.000 11.964 36.055 3.600 12.564
35.549 0.000 12.247 36.149 3.600 12.847
35.643 0.000 12.530 36.243 3.600 13.130
35.738 0.000 12.813 36.338 3.600 13.413
35.832 0.000 13.096 36.432 3.600 13.696
35.926 0.000 13.379 36.526 3.600 13.979
36.021 0.000 13.662 36.621 3.600 14.262
36.115 0.000 13.945 36.715 3.600 14.545
36.209 0.000 14.228 36.809 3.600 14.828
36.304 0.000 14.511 36.904 3.600 15.111
36.398 0.000 14.794 36.998 3.600 15.394
36.492 0.000 15.077 37.092 3.600 15.677
36.587 0.000 15.360 37.187 3.600 15.960
36.681 0.000 15.643 37.281 3.600 16.243
36.775 0.000 15.926 37.375 3.600 16.526
36.870 0.000 16.209 37.470 3.600 16.809
36.964 0.000 16.492 37.564 3.600 17.092
37.058 0.000 16.775 37.658 3.600 17.375
37.153 0.000 17.058 37.753 3.600 17.658
37.247 0.000 17.342 37.847 3.600 17.942
37.342 0.000 17.625 37.942 3.600 18.225
37.436 0.000 17.908 38.036 3.600 18.508
37.530 0.000 18.191 38.130 3.600 18.791
37.625 0.000 18.474 38.225 3.600 19.074
37.719 0.000 18.757 38.319 3.600 19.357
37.813 0.000 19.040 38.413 3.600 19.640
37.908 0.000 19.323 38.508 3.600 19.923
38.002 0.000 19.606 38.602 3.600 20.206
38.096 0.000 19.889 38.696 3.600 20.489
38.191 0.000 20.172 38.791 3.600 20.772
38.285 0.000 20.455 38.885 3.600 21.055
38.379 0.000 20.738 38.979 3.600 21.338
38.474 0.000 21.021 39.074 3.600 21.621
38.568 0.000 21.304 39.168 3.600 21.904
38.662 0.000 21.587 39.262 3.600 22.187
38.757 0.000 21.870 39.357 3.600 22.470
38.851 0.000 22.153 39.451 3.600 22.753
38.945 0.000 22.436 39.545 3.600 23.036
39.040 0.000 22.719 39.640 3.600 23.319
39.134 0.000 23.002 39.734 3.600 23.602
39.228 0.000 23.285 39.828 3.600 23.885
39.323 0.000 23.568 39.923 3.600 24.168
39.417 0.000 23.851 40.017 3.600 24.451
39.511 0.000 24.134 40.111 3.600 24.734
39.606 0.000 24.417 40.206 3.600 25.017
39.700 0.000 24.700 40.300 3.600 25.300
54.700 0.000 -0.300 55.300 3.600 0.300
54.700 0.000 -0.002 55.300 3.600 0.598
54.700 0.000 0.295 55.300 3.600 0.895
54.700 0.000 0.593 55.300 3.600 1.193
54.700 0.000 0.890 55.300 3.600 1.490
54.700 0.000 1.188 55.300 3.600 1.788
54.700 0.000 1.486 55.300 3.600 2.086
54.700 0.000 1.783 55.300 3.600 2.383
54.700 0.000 2.081 55.300 3.600 2.681
54.700 0.000 2.379 55.300 3.600 2.979
54.700 0.000 2.676 55.300 3.600 3.276
54.700 0.000 2.974 55.300 3.600 3.574
54.700 0.000 3.271 55.300 3.600 3.871
54.700 0.000 3.569 55.300 3.600 4.169
54.700 0.000 3.867 55.300 3.600 4.467
54.700 0.000 4.164 55.300 3.600 4.764
54.700 0.000 4.462 55.300 3.600 5.062
54.700 0.000 4.760 55.300 3.600 5.360
54.700 0.000 5.057 55.300 3.600 5.657
54.700 0.000 5.355 55.300 3.600 5.955
54.700 0.000 5.652 55.300 3.600 6.252
54.700 0.000 5.950 55.300 3.600 6.550
54.700 0.000 6.248 55.300 3.600 6.848
54.700 0.000 6.545 55.300 3.600 7.145
54.700 0.000 6.843 55.300 3.600 7.443
54.700 0.000 7.140 55.300 3.600 7.740
54.700 0.000 7.438 55.300 3.600 8.038
54.700 0.000 7.736 55.300 3.600 8.336
54.700 0.000 8.033 55.300 3.600 8.633
54.700 0.000 8.331 55.300 3.600 8.931
54.700 0.000 8.629 55.300 3.600 9.229
54.700 0.000 8.926 55.300 3.600 9.526
54.700 0.000 9.224 55.300 3.600 9.824
54.700 0.000 9.521 55.300 3.600 10.121
54.700 0.000 9.819 55.300 3.600 10.419
54.700 0.000 10.117 55.300 3.600 10.717
54.700 0.000 10.414 55.300 3.600 11.014
54.700 0.000 10.712 55.300 3.600 11.312
54.700 0.000 11.010 55.300 3.600 11.610
54.700 0.000 11.307 55.300 3.600 11.907
54.700 0.000 11.605 55.300 3.600 12.205
54.700 0.000 11.902 55.300 3.600 12.502
54.700 0.000 12.200 55.300 3.600 12.800
54.700 0.000 12.498 55.300 3.600 13.098
54.700 0.000 12.795 55.300 3.600 13.395
54.700 0.000 13.093 55.300 3.600 13.693
54.700 0.000 13.390 55.300 3.600 13.990
54.700 0.000 13.688 55.300 3.600 14.288
54.700 0.000 13.986 55.300 3.600 14.586
54.700 0.000 14.283 55.300 3.600 14.883
54.700 0.000 14.581 55.300 3.600 15.181
54.700 0.000 14.879 55.300 3.600 15.479
54.700 0.000 15.176 55.300 3.600 15.776
54.700 0.000 15.474 55.300 3.600 16.074
54.700 0.000 15.771 55.300 3.600 16.371
54.700 0.000 16.069 55.300 3.600 16.669
54.700 0.000 16.367 55.300 3.600 16.967
54.700 0.000 16.664 55.300 3.600 17.264
54.700 0.000 16.962 55.300 3.600 17.562
54.700 0.000 17.260 55.300 3.600 17.860
54.700 0.000 17.557 55.300 3.600 18.157
54.700 0.000 17.855 55.300 3.600 18.455
54.700 0.000 18.152 55.300 3.600 18.752
54.700 0.000 18.450 55.300 3.600 19.050
54.700 0.000 18.748 55.300 3.600 19.348
54.700 0.000 19.045 55.300 3.600 19.645
54.700 0.000 19.343 55.300 3.600 19.943
54.700 0.000 19.640 55.300 3.600 20.240
54.700 0.000 19.938 55.300 3.600 20.538
54.700 0.000 20.236 55.300 3.600 20.836
54.700 0.000 20.533 55.300 3.600 21.133
54.700 0.000 20.831 55.300 3.600 21.431
54.700 0.000 21.129 55.300 3.600 21.729
54.700 0.000 21.426 55.300 3.600 22.026
54.700 0.000 21.724 55.300 3.600 22.324
54.700 0.000 22.021 55.300 3.600 22.621
54.700 0.000 22.319 55.300 3.600 22.919
54.700 0.000 22.617 55.300 3.600 23.217
54.700 0.000 22.914 55.300 3.600 23.514
54.700 0.000 23.212 55.300 3.600 23.812
54.700 0.000 23.510 55.300 3.600 24.110
54.700 0.000 23.807 55.300 3.600 24.407
54.700 0.000 24.105 55.300 3.600 24.705
54.700 0.000 24.402 55.300 3.600 25.002
54.700 0.000 24.700 55.300 3.600 25.300
54.700 0.000 24.700 55.300 3.600 25.300
54.406 0.000 24.700 55.006 3.600 25.300
54.112 0.000 24.700 54.712 3.600 25.300
53.818 0.000 24.700 54.418 3.600 25.300
53.524 0.000 24.700 54.124 3.600 25.300
53.229 0.000 24.700 53.829 3.600 25.300
52.935 0.000 24.700 53.535 3.600 25.300
52.641 0.000 24.700 53.241 3.600 25.300
52.347 0.000 24.700 52.947 3.600 25.300
52.053 0.000 24.700 52.653 3.600 25.300
51.759 0.000 24.700 52.359 3.600 25.300
51.465 0.000 24.700 52.065 3.600 25.300
51.171 0.000 24.700 51.771 3.600 25.300
50.876 0.000 24.700 51.476 3.600 25.300
50.582 0.000 24.700 51.182 3.600 25.300
50.288 0.000 24.700 50.888 3.600 25.300
49.994 0.000 24.700 50.594 3.600 25.300
49.700 0.000 24.700 50.300 3.600 25.300
49.700 0.000 24.700 50.300 3.600 25.300
49.700 0.000 24.406 50.300 3.600 25.006
49.700 0.000 24.112 50.300 3.600 24.712
49.700 0.000 23.818 50.300 3.600 24.418
49.700 0.000 23.524 50.300 3.600 24.124
49.700 0.000 23.229 50.300 3.600 23.829
49.700 0.000 22.935 50.300 3.600 23.535
49.700 0.000 22.641 50.300 3.600 23.241
49.700 0.000 22.347 50.300 3.600 22.947
49.700 0.000 22.053 50.300 3.600 22.653
49.700 0.000 21.759 50.300 3.600 22.359
49.700 0.000 21.465 50.300 3.600 22.065
49.700 0.000 21.171 50.300 3.600 21.771
49.700 0.000 20.876 50.300 3.600 21.476
49.700 0.000 20.582 50.300 3.600 21.182
49.700 0.000 20.288 50.300 3.600 20.888
49.700 0.000 19.994 50.300 3.600 20.594
49.700 0.000 19.700 50.300 3.600 20.300
49.700 0.000 19.406 50.300 3.600 20.006
49.700 0.000 19.112 50.300 3.600 19.712
49.700 0.000 18.818 50.300 3.600 19.418
49.700 0.000 18.524 50.300 3.600 19.124
49.700 0.000 18.229 50.300 3.600 18.829
49.700 0.000 17.935 50.300 3.600 18.535
49.700 0.000 17.641 50.300 3.600 18.241
49.700 0.000 17.347 50.300 3.600 17.947
49.700 0.000 17.053 50.300 3.600 17.653
49.700 0.000 16.759 50.300 3.600 17.359
49.700 0.000 16.465 50.300 3.600 17.065
49.700 0.000 16.171 50.300 3.600 16.771
49.700 0.000 15.876 50.300 3.600 16.476
49.700 0.000 15.582 50.300 3.600 16.182
49.700 0.000 15.288 50.300 3.600 15.888
49.700 0.000 14.994 50.300 3.600 15.594
49.700 0.000 14.700 50.300 3.600 15.300
49.700 0.000 14.700 50.300 3.600 15.300
49.406 0.000 14.700 50.006 3.600 15.300
49.112 0.000 14.700 49.712 3.600 15.300
48.818 0.000 14.700 49.418 3.600 15.300
48.524 0.000 14.700 49.124 3.600 15.300
48.229 0.000 14.700 48.829 3.600 15.300
47.935 0.000 14.700 48.535 3.600 15.300
47.641 0.000 14.700 48.241 3.600 15.300
47.347 0.000 14.700 47.947 3.600 15.300
47.053 0.000 14.700 47.653 3.600 15.300
46.759 0.000 14.700 47.359 3.600 15.300
46.465 0.000 14.700 47.065 3.600 15.300
46.171 0.000 14.700 46.771 3.600 15.300
45.876 0.000 14.700 46.476 3.600 15.300
45.582 0.000 14.700 46.182 3.600 15.300
45.288 0.000 14.700 45.888 3.600 15.300
44.994 0.000 14.700 45.594 3.600 15.300
44.700 0.000 14.700 45.300 3.600 15.300
34.700 0.000 29.700 35.300 3.600 30.300
34.999 0.000 29.700 35.599 3.600 30.300
35.297 0.000 29.700 35.897 3.600 30.300
35.596 0.000 29.700 36.196 3.600 30.300
35.894 0.000 29.700 36.494 3.600 30.300
36.193 0.000 29.700 36.793 3.600 30.300
36.491 0.000 29.700 37.091 3.600 30.300
36.790 0.000 29.700 37.390 3.600 30.300
37.088 0.000 29.700 37.688 3.600 30.300
37.387 0.000 29.700 37.987 3.600 30.300
37.685 0.000 29.700 38.285 3.600 30.300
37.984 0.000 29.700 38.584 3.600 30.300
38.282 0.000 29.700 38.882 3.600 30.300
38.581 0.000 29.700 39.181 3.600 30.300
38.879 0.000 29.700 39.479 3.600 30.300
39.178 0.000 29.700 39.778 3.600 30.300
39.476 0.000 29.700 40.076 3.600 30.300
39.775 0.000 29.700 40.375 3.600 30.300
40.073 0.000 29.700 40.673 3.600 30.300
40.372 0.000 29.700 40.972 3.600 30.300
40.670 0.000 29.700 41.270 3.600 30.300
40.969 0.000 29.700 41.569 3.600 30.300
41.267 0.000 29.700 41.867 3.600 30.300
41.566 0.000 29.700 42.166 3.600 30.300
41.864 0.000 29.700 42.464 3.600 30.300
42.163 0.000 29.700 42.763 3.600 30.300
42.461 0.000 29.700 43.061 3.600 30.300
42.760 0.000 29.700 43.360 3.600 30.300
43.058 0.000 29.700 43.658 3.600 30.300
43.357 0.000 29.700 43.957 3.600 30.300
43.655 0.000 29.700 44.255 3.600 30.300
43.954 0.000 29.700 44.554 3.600 30.300
44.252 0.000 29.700 44.852 3.600 30.300
44.551 0.000 29.700 45.151 3.600 30.300
44.849 0.000 29.700 45.449 3.600 30.300
45.148 0.000 29.700 45.748 3.600 30.300
45.446 0.000 29.700 46.046 3.600 30.300
45.745 0.000 29.700 46.345 3.600 30.300
46.043 0.000 29.700 46.643 3.600 30.300
46.342 0.000 29.700 46.942 3.600 30.300
46.640 0.000 29.700 47.240 3.600 30.300
46.939 0.000 29.700 47.539 3.600 30.300
47.237 0.000 29.700 47.837 3.600 30.300
47.536 0.000 29.700 48.136 3.600 30.300
47.834 0.000 29.700 48.434 3.600 30.300
48.133 0.000 29.700 48.733 3.600 30.300
48.431 0.000 29.700 49.031 3.600 30.300
48.730 0.000 29.700 49.330 3.600 30.300
49.028 0.000 29.700 49.628 3.600 30.300
49.327 0.000 29.700 49.927 3.600 30.300
49.625 0.000 29.700 50.225 3.600 30.300
49.924 0.000 29.700 50.524 3.600 30.300
50.222 0.000 29.700 50.822 3.600 30.300
50.521 0.000 29.700 51.121 3.600 30.300
50.819 0.000 29.700 51.419 3.600 30.300
51.118 0.000 29.700 51.718 3.600 30.300
51.416 0.000 29.700 52.016 3.600 30.300
51.715 0.000 29.700 52.315 3.600 30.300
52.013 0.000 29.700 52.613 3.600 30.300
52.312 0.000 29.700 52.912 3.600 30.300
52.610 0.000 29.700 53.210 3.600 30.300
52.909 0.000 29.700 53.509 3.600 30.300
53.207 0.000 29.700 53.807 3.600 30.300
53.506 0.000 29.700 54.106 3.600 30.300
53.804 0.000 29.700 54.404 3.600 30.300
54.103 0.000 29.700 54.703 3.600 30.300
54.401 0.000 29.700 55.001 3.600 30.300
54.700 0.000 29.700 55.300 3.600 30.300
54.700 0.000 29.700 55.300 3.600 30.300
54.700 0.000 29.400 55.300 3.600 30.000
54.700 0.000 29.100 55.300 3.600 29.700
54.700 0.000 28.800 55.300 3.600 29.400
54.700 0.000 28.500 55.300 3.600 29.100
54.700 0.000 28.200 55.300 3.600 28.800
54.700 0.000 27.900 55.300 3.600 28.500
54.700 0.000 27.600 55.300 3.600 28.200
54.700 0.000 27.300 55.300 3.600 27.900
54.700 0.000 27.000 55.300 3.600 27.600
54.700 0.000 26.700 55.300 3.600 27.300
54.700 0.000 26.400 55.300 3.600 27.000
54.700 0.000 26.100 55.300 3.600 26.700
54.700 0.000 25.800 55.300 3.600 26.400
54.700 0.000 25.500 55.300 3.600 26.100
54.700 0.000 25.200 55.300 3.600 25.800
54.700 0.000 24.900 55.300 3.600 25.500
54.700 0.000 24.600 55.300 3.600 25.200
54.700 0.000 24.300 55.300 3.600 24.900
54.700 0.000 24.000 55.300 3.600 24.600
54.700 0.000 23.700 55.300 3.600 24.300
54.700 0.000 23.400 55.300 3.600 24.000
54.700 0.000 23.100 55.300 3.600 23.700
54.700 0.000 22.800 55.300 3.600 23.400
54.700 0.000 22.500 55.300 3.600 23.100
54.700 0.000 22.200 55.300 3.600 22.800
54.700 0.000 21.900 55.300 3.600 22.500
54.700 0.000 21.600 55.300 3.600 22.200
54.700 0.000 21.300 55.300 3.600 21.900
54.700 0.000 21.000 55.300 3.600 21.600
54.700 0.000 20.700 55.300 3.600 21.300
54.700 0.000 20.400 55.300 3.600 21.000
54.700 0.000 20.100 55.300 3.600 20.700
54.700 0.000 19.800 55.300 3.600 20.400
54.700 0.000 19.500 55.300 3.600 20.100
54.700 0.000 19.200 55.300 3.600 19.800
54.700 0.000 18.900 55.300 3.600 19.500
54.700 0.000 18.600 55.300 3.600 19.200
54.700 0.000 18.300 55.300 3.600 18.900
54.700 0.000 18.000 55.300 3.600 18.600
54.700 0.000 17.700 55.300 3.600 18.300
54.700 0.000 17.700 55.300 3.600 18.300
54.400 0.000 17.700 55.000 3.600 18.300
54.100 0.000 17.700 54.700 3.600 18.300
53.800 0.000 17.700 54.400 3.600 18.300
53.500 0.000 17.700 54.100 3.600 18.300
53.200 0.000 17.700 53.800 3.600 18.300
52.900 0.000 17.700 53.500 3.600 18.300
52.600 0.000 17.700 53.200 3.600 18.300
52.300 0.000 17.700 52.900 3.600 18.300
52.000 0.000 17.700 52.600 3.600 18.300
51.700 0.000 17.700 52.300 3.600 18.300
51.400 0.000 17.700 52.000 3.600 18.300
51.100 0.000 17.700 51.700 3.600 18.300
50.800 0.000 17.700 51.400 3.600 18.300
50.500 0.000 17.700 51.100 3.600 18.300
50.200 0.000 17.700 50.800 3.600 18.300
49.900 0.000 17.700 50.500 3.600 18.300
49.600 0.000 17.700 50.200 3.600 18.300
49.300 0.000 17.700 49.900 3.600 18.300
49.000 0.000 17.700 49.600 3.600 18.300
48.700 0.000 17.700 49.300 3.600 18.300
48.400 0.000 17.700 49.000 3.600 18.300
48.100 0.000 17.700 48.700 3.600 18.300
47.800 0.000 17.700 48.400 3.600 18.300
47.500 0.000 17.700 48.100 3.600 18.300
47.200 0.000 17.700 47.800 3.600 18.300
46.900 0.000 17.700 47.500 3.600 18.300
46.600 0.000 17.700 47.200 3.600 18.300
46.300 0.000 17.700 46.900 3.600 18.300
46.000 0.000 17.700 46.600 3.600 18.300
45.700 0.000 17.700 46.300 3.600 18.300
45.400 0.000 17.700 46.000 3.600 18.300
45.100 0.000 17.700 45.700 3.600 18.300
44.800 0.000 17.700 45.400 3.600 18.300
44.500 0.000 17.700 45.100 3.600 18.300
44.200 0.000 17.700 44.800 3.600 18.300
43.900 0.000 17.700 44.500 3.600 18.300
43.600 0.000 17.700 44.200 3.600 18.300
43.300 0.000 17.700 43.900 3.600 18.300
43.000 0.000 17.700 43.600 3.600 18.300
42.700 0.000 17.700 43.300 3.600 18.300
42.400 0.000 17.700 43.000 3.600 18.300
42.100 0.000 17.700 42.700 3.600 18.300
41.800 0.000 17.700 42.400 3.600 18.300
41.500 0.000 17.700 42.100 3.600 18.300
41.200 0.000 17.700 41.800 3.600 18.300
40.900 0.000 17.700 41.500 3.600 18.300
40.600 0.000 17.700 41.200 3.600 18.300
40.300 0.000 17.700 40.900 3.600 18.300
40.000 0.000 17.700 40.600 3.600 18.300
39.700 0.000 17.700 40.300 3.600 18.300
39.700 0.000 17.700 40.300 3.600 18.300
39.700 0.000 17.996 40.300 3.600 18.596
39.700 0.000 18.293 40.300 3.600 18.893
39.700 0.000 18.589 40.300 3.600 19.189
39.700 0.000 18.885 40.300 3.600 19.485
39.700 0.000 19.181 40.300 3.600 19.781
39.700 0.000 19.478 40.300 3.600 20.078
39.700 0.000 19.774 40.300 3.600 20.374
39.700 0.000 20.070 40.300 3.600 20.670
39.700 0.000 20.367 40.300 3.600 20.967
39.700 0.000 20.663 40.300 3.600 21.263
39.700 0.000 20.959 40.300 3.600 21.559
39.700 0.000 21.256 40.300 3.600 21.856
39.700 0.000 21.552 40.300 3.600 22.152
39.700 0.000 21.848 40.300 3.600 22.448
39.700 0.000 22.144 40.300 3.600 22.744
39.700 0.000 22.441 40.300 3.600 23.041
39.700 0.000 22.737 40.300 3.600 23.337
39.700 0.000 23.033 40.300 3.600 23.633
39.700 0.000 23.330 40.300 3.600 23.930
39.700 0.000 23.626 40.300 3.600 24.226
39.700 0.000 23.922 40.300 3.600 24.522
39.700 0.000 24.219 40.300 3.600 24.819
39.700 0.000 24.515 40.300 3.600 25.115
39.700 0.000 24.811 40.300 3.600 25.411
39.700 0.000 25.107 40.300 3.600 25.707
39.700 0.000 25.404 40.300 3.600 26.004
39.700 0.000 25.700 40.300 3.600 26.300
39.700 0.000 25.700 40.300 3.600 26.300
39.994 0.000 25.700 40.594 3.600 26.300
40.288 0.000 25.700 40.888 3.600 26.300
40.582 0.000 25.700 41.182 3.600 26.300
40.876 0.000 25.700 41.476 3.600 26.300
41.171 0.000 25.700 41.771 3.600 26.300
41.465 0.000 25.700 42.065 3.600 26.300
41.759 0.000 25.700 42.359 3.600 26.300
42.053 0.000 25.700 42.653 3.600 26.300
42.347 0.000 25.700 42.947 3.600 26.300
42.641 0.000 25.700 43.241 3.600 26.300
42.935 0.000 25.700 43.535 3.600 26.300
43.229 0.000 25.700 43.829 3.600 26.300
43.524 0.000 25.700 44.124 3.600 26.300
43.818 0.000 25.700 44.418 3.600 26.300
44.112 0.000 25.700 44.712 3.600 26.300
44.406 0.000 25.700 45.006 3.600 26.300
44.700 0.000 25.700 45.300 3.600 26.300
44.994 0.000 25.700 45.594 3.600 26.300
45.288 0.000 25.700 45.888 3.600 26.300
45.582 0.000 25.700 46.182 3.600 26.300
45.876 0.000 25.700 46.476 3.600 26.300
46.171 0.000 25.700 46.771 3.600 26.300
46.465 0.000 25.700 47.065 3.600 26.300
46.759 0.000 25.700 47.359 3.600 26.300
47.053 0.000 25.700 47.653 3.600 26.300
47.347 0.000 25.700 47.947 3.600 26.300
47.641 0.000 25.700 48.241 3.600 26.300
47.935 0.000 25.700 48.535 3.600 26.300
48.229 0.000 25.700 48.829 3.600 26.300
48.524 0.000 25.700 49.124 3.600 26.300
48.818 0.000 25.700 49.418 3.600 26.300
49.112 0.000 25.700 49.712 3.600 26.300
49.406 0.000 25.700 50.006 3.600 26.300
49.700 0.000 25.700 50.300 3.600 26.300
49.700 0.000 25.700 50.300 3.600 26.300
49.700 0.000 25.414 50.300 3.600 26.014
49.700 0.000 25.129 50.300 3.600 25.729
49.700 0.000 24.843 50.300 3.600 25.443
49.700 0.000 24.557 50.300 3.600 25.157
49.700 0.000 24.271 50.300 3.600 24.871
49.700 0.000 23.986 50.300 3.600 24.586
49.700 0.000 23.700 50.300 3.600 24.300
49.700 0.000 23.414 50.300 3.600 24.014
49.700 0.000 23.129 50.300 3.600 23.729
49.700 0.000 22.843 50.300 3.600 23.443
49.700 0.000 22.557 50.300 3.600 23.157
49.700 0.000 22.271 50.300 3.600 22.871
49.700 0.000 21.986 50.300 3.600 22.586
49.700 0.000 21.700 50.300 3.600 22.300
64.700 0.000 -0.300 65.300 3.600 0.300
64.700 0.000 0.000 65.300 3.600 0.600
64.700 0.000 0.300 65.300 3.600 0.900
64.700 0.000 0.600 65.300 3.600 1.200
64.700 0.000 0.900 65.300 3.600 1.500
64.700 0.000 1.200 65.300 3.600 1.800
64.700 0.000 1.500 65.300 3.600 2.100
64.700 0.000 1.800 65.300 3.600 2.400
64.700 0.000 2.100 65.300 3.600 2.700
64.700 0.000 2.400 65.300 3.600 3.000
64.700 0.000 2.700 65.300 3.600 3.300
64.700 0.000 3.000 65.300 3.600 3.600
64.700 0.000 3.300 65.300 3.600 3.900
64.700 0.000 3.600 65.300 3.600 4.200
64.700 0.000 3.900 65.300 3.600 4.500
64.700 0.000 4.200 65.300 3.600 4.800
64.700 0.000 4.500 65.300 3.600 5.100
64.700 0.000 4.800 65.300 3.600 5.400
64.700 0.000 5.100 65.300 3.600 5.700
64.700 0.000 5.400 65.300 3.600 6.000
64.700 0.000 5.700 65.300 3.600 6.300
64.700 0.000 6.000 65.300 3.600 6.600
64.700 0.000 6.300 65.300 3.600 6.900
64.700 0.000 6.600 65.300 3.600 7.200
64.700 0.000 6.900 65.300 3.600 7.500
64.700 0.000 7.200 65.300 3.600 7.800
64.700 0.000 7.500 65.300 3.600 8.100
64.700 0.000 7.800 65.300 3.600 8.400
64.700 0.000 8.100 65.300 3.600 8.700
64.700 0.000 8.400 65.300 3.600 9.000
64.700 0.000 8.700 65.300 3.600 9.300
64.700 0.000 9.000 65.300 3.600 9.600
64.700 0.000 9.300 65.300 3.600 9.900
64.700 0.000 9.600 65.300 3.600 10.200
64.700 0.000 9.900 65.300 3.600 10.500
64.700 0.000 10.200 65.300 3.600 10.800
64.700 0.000 10.500 65.300 3.600 11.100
64.700 0.000 10.800 65.300 3.600 11.400
64.700 0.000 11.100 65.300 3.600 11.700
64.700 0.000 11.400 65.300 3.600 12.000
64.700 0.000 11.700 65.300 3.600 12.300
64.700 0.000 12.000 65.300 3.600 12.600
64.700 0.000 12.300 65.300 3.600 12.900
64.700 0.000 12.600 65.300 3.600 13.200
64.700 0.000 12.900 65.300 3.600 13.500
64.700 0.000 13.200 65.300 3.600 13.800
64.700 0.000 13.500 65.300 3.600 14.100
64.700 0.000 13.800 65.300 3.600 14.400
64.700 0.000 14.100 65.300 3.600 14.700
64.700 0.000 14.400 65.300 3.600 15.000
64.700 0.000 14.700 65.300 3.600 15.300
64.700 0.000 14.700 65.300 3.600 15.300
64.994 0.000 14.700 65.594 3.600 15.300
65.288 0.000 14.700 65.888 3.600 15.300
65.582 0.000 14.700 66.182 3.600 15.300
65.876 0.000 14.700 66.476 3.600 15.300
66.171 0.000 14.700 66.771 3.600 15.300
66.465 0.000 14.700 67.065 3.600 15.300
66.759 0.000 14.700 67.359 3.600 15.300
67.053 0.000 14.700 67.653 3.600 15.300
67.347 0.000 14.700 67.947 3.600 15.300
67.641 0.000 14.700 68.241 3.600 15.300
67.935 0.000 14.700 68.535 3.600 15.300
68.229 0.000 14.700 68.829 3.600 15.300
68.524 0.000 14.700 69.124 3.600 15.300
68.818 0.000 14.700 69.418 3.600 15.300
69.112 0.000 14.700 69.712 3.600 15.300
69.406 0.000 14.700 70.006 3.600 15.300
69.700 0.000 14.700 70.300 3.600 15.300
69.994 0.000 14.700 70.594 3.600 15.300
70.288 0.000 14.700 70.888 3.600 15.300
70.582 0.000 14.700 71.182 3.600 15.300
70.876 0.000 14.700 71.476 3.600 15.300
71.171 0.000 14.700 71.771 3.600 15.300
71.465 0.000 14.700 72.065 3.600 15.300
71.759 0.000 14.700 72.359 3.600 15.300
72.053 0.000 14.700 72.653 3.600 15.300
72.347 0.000 14.700 72.947 3.600 15.300
72.641 0.000 14.700 73.241 3.600 15.300
72.935 0.000 14.700 73.535 3.600 15.300
73.229 0.000 14.700 73.829 3.600 15.300
73.524 0.000 14.700 74.124 3.600 15.300
73.818 0.000 14.700 74.418 3.600 15.300
74.112 0.000 14.700 74.712 3.600 15.300
74.406 0.000 14.700 75.006 3.600 15.300
74.700 0.000 14.700 75.300 3.600 15.300
74.700 0.000 4.700 75.300 3.600 5.300
74.910 0.000 4.910 75.510 3.600 5.510
75.119 0.000 5.119 75.719 3.600 5.719
75.329 0.000 5.329 75.929 3.600 5.929
75.539 0.000 5.539 76.139 3.600 6.139
75.748 0.000 5.748 76.348 3.600 6.348
75.958 0.000 5.958 76.558 3.600 6.558
76.168 0.000 6.168 76.768 3.600 6.768
76.377 0.000 6.377 76.977 3.600 6.977
76.587 0.000 6.587 77.187 3.600 7.187
76.797 0.000 6.797 77.397 3.600 7.397
77.006 0.000 7.006 77.606 3.600 7.606
77.216 0.000 7.216 77.816 3.600 7.816
77.426 0.000 7.426 78.026 3.600 8.026
77.635 0.000 7.635 78.235 3.600 8.235
77.845 0.000 7.845 78.445 3.600 8.445
78.055 0.000 8.055 78.655 3.600 8.655
78.265 0.000 8.265 78.865 3.600 8.865
78.474 0.000 8.474 79.074 3.600 9.074
78.684 0.000 8.684 79.284 3.600 9.284
78.894 0.000 8.894 79.494 3.600 9.494
79.103 0.000 9.103 79.703 3.600 9.703
79.313 0.000 9.313 79.913 3.600 9.913
79.523 0.000 9.523 80.123 3.600 10.123
79.732 0.000 9.732 80.332 3.600 10.332
79.942 0.000 9.942 80.542 3.600 10.542
80.152 0.000 10.152 80.752 3.600 10.752
80.361 0.000 10.361 80.961 3.600 10.961
80.571 0.000 10.571 81.171 3.600 11.171
80.781 0.000 10.781 81.381 3.600 11.381
80.990 0.000 10.990 81.590 3.600 11.590
81.200 0.000 11.200 81.800 3.600 11.800
81.410 0.000 11.410 82.010 3.600 12.010
81.619 0.000 11.619 82.219 3.600 12.219
81.829 0.000 11.829 82.429 3.600 12.429
82.039 0.000 12.039 82.639 3.600 12.639
82.248 0.000 12.248 82.848 3.600 12.848
82.458 0.000 12.458 83.058 3.600 13.058
82.668 0.000 12.668 83.268 3.600 13.268
82.877 0.000 12.877 83.477 3.600 13.477
83.087 0.000 13.087 83.687 3.600 13.687
83.297 0.000 13.297 83.897 3.600 13.897
83.506 0.000 13.506 84.106 3.600 14.106
83.716 0.000 13.716 84.316 3.600 14.316
83.926 0.000 13.926 84.526 3.600 14.526
84.135 0.000 14.135 84.735 3.600 14.735
84.345 0.000 14.345 84.945 3.600 14.945
84.555 0.000 14.555 85.155 3.600 15.155
84.765 0.000 14.765 85.365 3.600 15.365
84.974 0.000 14.974 85.574 3.600 15.574
85.184 0.000 15.184 85.784 3.600 15.784
85.394 0.000 15.394 85.994 3.600 15.994
85.603 0.000 15.603 86.203 3.600 16.203
85.813 0.000 15.813 86.413 3.600 16.413
86.023 0.000 16.023 86.623 3.600 16.623
86.232 0.000 16.232 86.832 3.600 16.832
86.442 0.000 16.442 87.042 3.600 17.042
86.652 0.000 16.652 87.252 3.600 17.252
86.861 0.000 16.861 87.461 3.600 17.461
87.071 0.000 17.071 87.671 3.600 17.671
87.281 0.000 17.281 87.881 3.600 17.881
87.490 0.000 17.490 88.090 3.600 18.090
87.700 0.000 17.700 88.300 3.600 18.300
87.700 0.000 17.700 88.300 3.600 18.300
87.446 0.000 17.859 88.046 3.600 18.459
87.192 0.000 18.017 87.792 3.600 18.617
86.938 0.000 18.176 87.538 3.600 18.776
86.684 0.000 18.335 87.284 3.600 18.935
86.430 0.000 18.494 87.030 3.600 19.094
86.176 0.000 18.652 86.776 3.600 19.252
85.922 0.000 18.811 86.522 3.600 19.411
85.668 0.000 18.970 86.268 3.600 19.570
85.414 0.000 19.129 86.014 3.600 19.729
85.160 0.000 19.287 85.760 3.600 19.887
84.906 0.000 19.446 85.506 3.600 20.046
84.652 0.000 19.605 85.252 3.600 20.205
84.398 0.000 19.763 84.998 3.600 20.363
84.144 0.000 19.922 84.744 3.600 20.522
83.890 0.000 20.081 84.490 3.600 20.681
83.637 0.000 20.240 84.237 3.600 20.840
83.383 0.000 20.398 83.983 3.600 20.998
83.129 0.000 20.557 83.729 3.600 21.157
82.875 0.000 20.716 83.475 3.600 21.316
82.621 0.000 20.875 83.221 3.600 21.475
82.367 0.000 21.033 82.967 3.600 21.633
82.113 0.000 21.192 82.713 3.600 21.792
81.859 0.000 21.351 82.459 3.600 21.951
81.605 0.000 21.510 82.205 3.600 22.110
81.351 0.000 21.668 81.951 3.600 22.268
81.097 0.000 21.827 81.697 3.600 22.427
80.843 0.000 21.986 81.443 3.600 22.586
80.589 0.000 22.144 81.189 3.600 22.744
80.335 0.000 22.303 80.935 3.600 22.903
80.081 0.000 22.462 80.681 3.600 23.062
79.827 0.000 22.621 80.427 3.600 23.221
79.573 0.000 22.779 80.173 3.600 23.379
79.319 0.000 22.938 79.919 3.600 23.538
79.065 0.000 23.097 79.665 3.600 23.697
78.811 0.000 23.256 79.411 3.600 23.856
78.557 0.000 23.414 79.157 3.600 24.014
78.303 0.000 23.573 78.903 3.600 24.173
78.049 0.000 23.732 78.649 3.600 24.332
77.795 0.000 23.890 78.395 3.600 24.490
77.541 0.000 24.049 78.141 3.600 24.649
77.287 0.000 24.208 77.887 3.600 24.808
77.033 0.000 24.367 77.633 3.600 24.967
76.779 0.000 24.525 77.379 3.600 25.125
76.525 0.000 24.684 77.125 3.600 25.284
76.271 0.000 24.843 76.871 3.600 25.443
76.017 0.000 25.002 76.617 3.600 25.602
75.763 0.000 25.160 76.363 3.600 25.760
75.510 0.000 25.319 76.110 3.600 25.919
75.256 0.000 25.478 75.856 3.600 26.078
75.002 0.000 25.637 75.602 3.600 26.237
74.748 0.000 25.795 75.348 3.600 26.395
74.494 0.000 25.954 75.094 3.600 26.554
74.240 0.000 26.113 74.840 3.600 26.713
73.986 0.000 26.271 74.586 3.600 26.871
73.732 0.000 26.430 74.332 3.600 27.030
73.478 0.000 26.589 74.078 3.600 27.189
73.224 0.000 26.748 73.824 3.600 27.348
72.970 0.000 26.906 73.570 3.600 27.506
72.716 0.000 27.065 73.316 3.600 27.665
72.462 0.000 27.224 73.062 3.600 27.824
72.208 0.000 27.383 72.808 3.600 27.983
71.954 0.000 27.541 72.554 3.600 28.141
71.700 0.000 27.700 72.300 3.600 28.300
79.700 0.000 17.700 80.300 3.600 18.300
79.996 0.000 17.700 80.596 3.600 18.300
80.293 0.000 17.700 80.893 3.600 18.300
80.589 0.000 17.700 81.189 3.600 18.300
80.885 0.000 17.700 81.485 3.600 18.300
81.181 0.000 17.700 81.781 3.600 18.300
81.478 0.000 17.700 82.078 3.600 18.300
81.774 0.000 17.700 82.374 3.600 18.300
82.070 0.000 17.700 82.670 3.600 18.300
82.367 0.000 17.700 82.967 3.600 18.300
82.663 0.000 17.700 83.263 3.600 18.300
82.959 0.000 17.700 83.559 3.600 18.300
83.256 0.000 17.700 83.856 3.600 18.300
83.552 0.000 17.700 84.152 3.600 18.300
83.848 0.000 17.700 84.448 3.600 18.300
84.144 0.000 17.700 84.744 3.600 18.300
84.441 0.000 17.700 85.041 3.600 18.300
84.737 0.000 17.700 85.337 3.600 18.300
85.033 0.000 17.700 85.633 3.600 18.300
85.330 0.000 17.700 85.930 3.600 18.300
85.626 0.000 17.700 86.226 3.600 18.300
85.922 0.000 17.700 86.522 3.600 18.300
86.219 0.000 17.700 86.819 3.600 18.300
86.515 0.000 17.700 87.115 3.600 18.300
86.811 0.000 17.700 87.411 3.600 18.300
87.107 0.000 17.700 87.707 3.600 18.300
87.404 0.000 17.700 88.004 3.600 18.300
87.700 0.000 17.700 88.300 3.600 18.300
87.996 0.000 17.700 88.596 3.600 18.300
88.293 0.000 17.700 88.893 3.600 18.300
88.589 0.000 17.700 89.189 3.600 18.300
88.885 0.000 17.700 89.485 3.600 18.300
89.181 0.000 17.700 89.781 3.600 18.300
89.478 0.000 17.700 90.078 3.600 18.300
89.774 0.000 17.700 90.374 3.600 18.300
90.070 0.000 17.700 90.670 3.600 18.300
90.367 0.000 17.700 90.967 3.600 18.300
90.663 0.000 17.700 91.263 3.600 18.300
90.959 0.000 17.700 91.559 3.600 18.300
91.256 0.000 17.700 91.856 3.600 18.300
91.552 0.000 17.700 92.152 3.600 18.300
91.848 0.000 17.700 92.448 3.600 18.300
92.144 0.000 17.700 92.744 3.600 18.300
92.441 0.000 17.700 93.041 3.600 18.300
92.737 0.000 17.700 93.337 3.600 18.300
93.033 0.000 17.700 93.633 3.600 18.300
93.330 0.000 17.700 93.930 3.600 18.300
93.626 0.000 17.700 94.226 3.600 18.300
93.922 0.000 17.700 94.522 3.600 18.300
94.219 0.000 17.700 94.819 3.600 18.300
94.515 0.000 17.700 95.115 3.600 18.300
94.811 0.000 17.700 95.411 3.600 18.300
95.107 0.000 17.700 95.707 3.600 18.300
95.404 0.000 17.700 96.004 3.600 18.300
95.700 0.000 17.700 96.300 3.600 18.300
95.700 0.000 17.700 96.300 3.600 18.300
95.475 0.000 17.897 96.075 3.600 18.497
95.249 0.000 18.094 95.849 3.600 18.694
95.024 0.000 18.292 95.624 3.600 18.892
94.799 0.000 18.489 95.399 3.600 19.089
94.573 0.000 18.686 95.173 3.600 19.286
94.348 0.000 18.883 94.948 3.600 19.483
94.123 0.000 19.080 94.723 3.600 19.680
93.897 0.000 19.277 94.497 3.600 19.877
93.672 0.000 19.475 94.272 3.600 20.075
93.446 0.000 19.672 94.046 3.600 20.272
93.221 0.000 19.869 93.821 3.600 20.469
92.996 0.000 20.066 93.596 3.600 20.666
92.770 0.000 20.263 93.370 3.600 20.863
92.545 0.000 20.461 93.145 3.600 21.061
92.320 0.000 20.658 92.920 3.600 21.258
92.094 0.000 20.855 92.694 3.600 21.455
91.869 0.000 21.052 92.469 3.600 21.652
91.644 0.000 21.249 92.244 3.600 21.849
91.418 0.000 21.446 92.018 3.600 22.046
91.193 0.000 21.644 91.793 3.600 22.244
90.968 0.000 21.841 91.568 3.600 22.441
90.742 0.000 22.038 91.342 3.600 22.638
90.517 0.000 22.235 91.117 3.600 22.835
90.292 0.000 22.432 90.892 3.600 23.032
90.066 0.000 22.630 90.666 3.600 23.230
89.841 0.000 22.827 90.441 3.600 23.427
89.615 0.000 23.024 90.215 3.600 23.624
89.390 0.000 23.221 89.990 3.600 23.821
89.165 0.000 23.418 89.765 3.600 24.018
88.939 0.000 23.615 89.539 3.600 24.215
88.714 0.000 23.813 89.314 3.600 24.413
88.489 0.000 24.010 89.089 3.600 24.610
88.263 0.000 24.207 88.863 3.600 24.807
88.038 0.000 24.404 88.638 3.600 25.004
87.813 0.000 24.601 88.413 3.600 25.201
87.587 0.000 24.799 88.187 3.600 25.399
87.362 0.000 24.996 87.962 3.600 25.596
87.137 0.000 25.193 87.737 3.600 25.793
86.911 0.000 25.390 87.511 3.600 25.990
86.686 0.000 25.587 87.286 3.600 26.187
86.461 0.000 25.785 87.061 3.600 26.385
86.235 0.000 25.982 86.835 3.600 26.582
86.010 0.000 26.179 86.610 3.600 26.779
85.785 0.000 26.376 86.385 3.600 26.976
85.559 0.000 26.573 86.159 3.600 27.173
85.334 0.000 26.770 85.934 3.600 27.370
85.108 0.000 26.968 85.708 3.600 27.568
84.883 0.000 27.165 85.483 3.600 27.765
84.658 0.000 27.362 85.258 3.600 27.962
84.432 0.000 27.559 85.032 3.600 28.159
84.207 0.000 27.756 84.807 3.600 28.356
83.982 0.000 27.954 84.582 3.600 28.554
83.756 0.000 28.151 84.356 3.600 28.751
83.531 0.000 28.348 84.131 3.600 28.948
83.306 0.000 28.545 83.906 3.600 29.145
83.080 0.000 28.742 83.680 3.600 29.342
82.855 0.000 28.939 83.455 3.600 29.539
82.630 0.000 29.137 83.230 3.600 29.737
82.404 0.000 29.334 83.004 3.600 29.934
82.179 0.000 29.531 82.779 3.600 30.131
81.954 0.000 29.728 82.554 3.600 30.328
81.728 0.000 29.925 82.328 3.600 30.525
81.503 0.000 30.123 82.103 3.600 30.723
81.277 0.000 30.320 81.877 3.600 30.920
81.052 0.000 30.517 81.652 3.600 31.117
80.827 0.000 30.714 81.427 3.600 31.314
80.601 0.000 30.911 81.201 3.600 31.511
80.376 0.000 31.108 80.976 3.600 31.708
80.151 0.000 31.306 80.751 3.600 31.906
79.925 0.000 31.503 80.525 3.600 32.103
79.700 0.000 31.700 80.300 3.600 32.300
74.700 0.000 31.700 75.300 3.600 32.300
74.998 0.000 31.700 75.598 3.600 32.300
75.296 0.000 31.700 75.896 3.600 32.300
75.595 0.000 31.700 76.195 3.600 32.300
75.893 0.000 31.700 76.493 3.600 32.300
76.191 0.000 31.700 76.791 3.600 32.300
76.489 0.000 31.700 77.089 3.600 32.300
76.788 0.000 31.700 77.388 3.600 32.300
77.086 0.000 31.700 77.686 3.600 32.300
77.384 0.000 31.700 77.984 3.600 32.300
77.682 0.000 31.700 78.282 3.600 32.300
77.981 0.000 31.700 78.581 3.600 32.300
78.279 0.000 31.700 78.879 3.600 32.300
78.577 0.000 31.700 79.177 3.600 32.300
78.875 0.000 31.700 79.475 3.600 32.300
79.174 0.000 31.700 79.774 3.600 32.300
79.472 0.000 31.700 80.072 3.600 32.300
79.770 0.000 31.700 80.370 3.600 32.300
80.068 0.000 31.700 80.668 3.600 32.300
80.367 0.000 31.700 80.967 3.600 32.300
80.665 0.000 31.700 81.265 3.600 32.300
80.963 0.000 31.700 81.563 3.600 32.300
81.261 0.000 31.700 81.861 3.600 32.300
81.560 0.000 31.700 82.160 3.600 32.300
81.858 0.000 31.700 82.458 3.600 32.300
82.156 0.000 31.700 82.756 3.600 32.300
82.454 0.000 31.700 83.054 3.600 32.300
82.753 0.000 31.700 83.353 3.600 32.300
83.051 0.000 31.700 83.651 3.600 32.300
83.349 0.000 31.700 83.949 3.600 32.300
83.647 0.000 31.700 84.247 3.600 32.300
83.946 0.000 31.700 84.546 3.600 32.300
84.244 0.000 31.700 84.844 3.600 32.300
84.542 0.000 31.700 85.142 3.600 32.300
84.840 0.000 31.700 85.440 3.600 32.300
85.139 0.000 31.700 85.739 3.600 32.300
85.437 0.000 31.700 86.037 3.600 32.300
85.735 0.000 31.700 86.335 3.600 32.300
86.033 0.000 31.700 86.633 3.600 32.300
86.332 0.000 31.700 86.932 3.600 32.300
86.630 0.000 31.700 87.230 3.600 32.300
86.928 0.000 31.700 87.528 3.600 32.300
87.226 0.000 31.700 87.826 3.600 32.300
87.525 0.000 31.700 88.125 3.600 32.300
87.823 0.000 31.700 88.423 3.600 32.300
88.121 0.000 31.700 88.721 3.600 32.300
88.419 0.000 31.700 89.019 3.600 32.300
88.718 0.000 31.700 89.318 3.600 32.300
89.016 0.000 31.700 89.616 3.600 32.300
89.314 0.000 31.700 89.914 3.600 32.300
89.612 0.000 31.700 90.212 3.600 32.300
89.911 0.000 31.700 90.511 3.600 32.300
90.209 0.000 31.700 90.809 3.600 32.300
90.507 0.000 31.700 91.107 3.600 32.300
90.805 0.000 31.700 91.405 3.600 32.300
91.104 0.000 31.700 91.704 3.600 32.300
91.402 0.000 31.700 92.002 3.600 32.300
91.700 0.000 31.700 92.300 3.600 32.300
9.700 0.000 44.700 10.300 3.600 45.300
9.700 0.000 44.408 10.300 3.600 45.008
9.700 0.000 44.117 10.300 3.600 44.717
9.700 0.000 43.825 10.300 3.600 44.425
9.700 0.000 43.533 10.300 3.600 44.133
9.700 0.000 43.242 10.300 3.600 43.842
9.700 0.000 42.950 10.300 3.600 43.550
9.700 0.000 42.658 10.300 3.600 43.258
9.700 0.000 42.367 10.300 3.600 42.967
9.700 0.000 42.075 10.300 3.600 42.675
9.700 0.000 41.783 10.300 3.600 42.383
9.700 0.000 41.492 10.300 3.600 42.092
9.700 0.000 41.200 10.300 3.600 41.800
9.700 0.000 40.908 10.300 3.600 41.508
9.700 0.000 40.617 10.300 3.600 41.217
9.700 0.000 40.325 10.300 3.600 40.925
9.700 0.000 40.033 10.300 3.600 40.633
9.700 0.000 39.742 10.300 3.600 40.342
9.700 0.000 39.450 10.300 3.600 40.050
9.700 0.000 39.158 10.300 3.600 39.758
9.700 0.000 38.867 10.300 3.600 39.467
9.700 0.000 38.575 10.300 3.600 39.175
9.700 0.000 38.283 10.300 3.600 38.883
9.700 0.000 37.992 10.300 3.600 38.592
9.700 0.000 37.700 10.300 3.600 38.300
9.700 0.000 37.700 10.300 3.600 38.300
10.000 0.000 37.700 10.600 3.600 38.300
10.300 0.000 37.700 10.900 3.600 38.300
10.600 0.000 37.700 11.200 3.600 38.300
10.900 0.000 37.700 11.500 3.600 38.300
11.200 0.000 37.700 11.800 3.600 38.300
11.500 0.000 37.700 12.100 3.600 38.300
11.800 0.000 37.700 12.400 3.600 38.300
12.100 0.000 37.700 12.700 3.600 38.300
12.400 0.000 37.700 13.000 3.600 38.300
12.700 0.000 37.700 13.300 3.600 38.300
13.000 0.000 37.700 13.600 3.600 38.300
13.300 0.000 37.700 13.900 3.600 38.300
13.600 0.000 37.700 14.200 3.600 38.300
13.900 0.000 37.700 14.500 3.600 38.300
14.200 0.000 37.700 14.800 3.600 38.300
14.500 0.000 37.700 15.100 3.600 38.300
14.800 0.000 37.700 15.400 3.600 38.300
15.100 0.000 37.700 15.700 3.600 38.300
15.400 0.000 37.700 16.000 3.600 38.300
15.700 0.000 37.700 16.300 3.600 38.300
15.700 0.000 37.700 16.300 3.600 38.300
15.700 0.000 37.400 16.300 3.600 38.000
15.700 0.000 37.100 16.300 3.600 37.700
15.700 0.000 36.800 16.300 3.600 37.400
15.700 0.000 36.500 16.300 3.600 37.100
15.700 0.000 36.200 16.300 3.600 36.800
15.700 0.000 35.900 16.300 3.600 36.500
15.700 0.000 35.600 16.300 3.600 36.200
15.700 0.000 35.300 16.300 3.600 35.900
15.700 0.000 35.000 16.300 3.600 35.600
15.700 0.000 34.700 16.300 3.600 35.300
15.700 0.000 34.400 16.300 3.600 35.000
15.700 0.000 34.100 16.300 3.600 34.700
15.700 0.000 33.800 16.300 3.600 34.400
15.700 0.000 33.500 16.300 3.600 34.100
15.700 0.000 33.200 16.300 3.600 33.800
15.700 0.000 32.900 16.300 3.600 33.500
15.700 0.000 32.600 16.300 3.600 33.200
15.700 0.000 32.300 16.300 3.600 32.900
15.700 0.000 32.000 16.300 3.600 32.600
15.700 0.000 31.700 16.300 3.600 32.300
15.700 0.000 31.700 16.300 3.600 32.300
16.000 0.000 31.700 16.600 3.600 32.300
16.300 0.000 31.700 16.900 3.600 32.300
16.600 0.000 31.700 17.200 3.600 32.300
16.900 0.000 31.700 17.500 3.600 32.300
17.200 0.000 31.700 17.800 3.600 32.300
17.500 0.000 31.700 18.100 3.600 32.300
17.800 0.000 31.700 18.400 3.600 32.300
18.100 0.000 31.700 18.700 3.600 32.300
18.400 0.000 31.700 19.000 3.600 32.300
18.700 0.000 31.700 19.300 3.600 32.300
19.000 0.000 31.700 19.600 3.600 32.300
19.300 0.000 31.700 19.900 3.600 32.300
19.600 0.000 31.700 20.200 3.600 32.300
19.900 0.000 31.700 20.500 3.600 32.300
20.200 0.000 31.700 20.800 3.600 32.300
20.500 0.000 31.700 21.100 3.600 32.300
20.800 0.000 31.700 21.400 3.600 32.300
21.100 0.000 31.700 21.700 3.600 32.300
21.400 0.000 31.700 22.000 3.600 32.300
21.700 0.000 31.700 22.300 3.600 32.300
21.700 0.000 31.700 22.300 3.600 32.300
21.700 0.000 31.995 22.300 3.600 32.595
21.700 0.000 32.291 22.300 3.600 32.891
21.700 0.000 32.586 22.300 3.600 33.186
21.700 0.000 32.882 22.300 3.600 33.482
21.700 0.000 33.177 22.300 3.600 33.777
21.700 0.000 33.473 22.300 3.600 34.073
21.700 0.000 33.768 22.300 3.600 34.368
21.700 0.000 34.064 22.300 3.600 34.664
21.700 0.000 34.359 22.300 3.600 34.959
21.700 0.000 34.655 22.300 3.600 35.255
21.700 0.000 34.950 22.300 3.600 35.550
21.700 0.000 35.245 22.300 3.600 35.845
21.700 0.000 35.541 22.300 3.600 36.141
21.700 0.000 35.836 22.300 3.600 36.436
21.700 0.000 36.132 22.300 3.600 36.732
21.700 0.000 36.427 22.300 3.600 37.027
21.700 0.000 36.723 22.300 3.600 37.323
21.700 0.000 37.018 22.300 3.600 37.618
21.700 0.000 37.314 22.300 3.600 37.914
21.700 0.000 37.609 22.300 3.600 38.209
21.700 0.000 37.905 22.300 3.600 38.505
21.700 0.000 38.200 22.300 3.600 38.800
21.700 0.000 38.495 22.300 3.600 39.095
21.700 0.000 38.791 22.300 3.600 39.391
21.700 0.000 39.086 22.300 3.600 39.686
21.700 0.000 39.382 22.300 3.600 39.982
21.700 0.000 39.677 22.300 3.600 40.277
21.700 0.000 39.973 22.300 3.600 40.573
21.700 0.000 40.268 22.300 3.600 40.868
21.700 0.000 40.564 22.300 3.600 41.164
21.700 0.000 40.859 22.300 3.600 41.459
21.700 0.000 41.155 22.300 3.600 41.755
21.700 0.000 41.450 22.300 3.600 42.050
21.700 0.000 41.745 22.300 3.600 42.345
21.700 0.000 42.041 22.300 3.600 42.641
21.700 0.000 42.336 22.300 3.600 42.936
21.700 0.000 42.632 22.300 3.600 43.232
21.700 0.000 42.927 22.300 3.600 43.527
21.700 0.000 43.223 22.300 3.600 43.823
21.700 0.000 43.518 22.300 3.600 44.118
21.700 0.000 43.814 22.300 3.600 44.414
21.700 0.000 44.109 22.300 3.600 44.709
21.700 0.000 44.405 22.300 3.600 45.005
21.700 0.000 44.700 22.300 3.600 45.300
19.700 0.000 44.700 20.300 3.600 45.300
20.000 0.000 44.700 20.600 3.600 45.300
20.300 0.000 44.700 20.900 3.600 45.300
20.600 0.000 44.700 21.200 3.600 45.300
20.900 0.000 44.700 21.500 3.600 45.300
21.200 0.000 44.700 21.800 3.600 45.300
21.500 0.000 44.700 22.100 3.600 45.300
21.800 0.000 44.700 22.400 3.600 45.300
22.100 0.000 44.700 22.700 3.600 45.300
22.400 0.000 44.700 23.000 3.600 45.300
22.700 0.000 44.700 23.300 3.600 45.300
23.000 0.000 44.700 23.600 3.600 45.300
23.300 0.000 44.700 23.900 3.600 45.300
23.600 0.000 44.700 24.200 3.600 45.300
23.900 0.000 44.700 24.500 3.600 45.300
24.200 0.000 44.700 24.800 3.600 45.300
24.500 0.000 44.700 25.100 3.600 45.300
24.800 0.000 44.700 25.400 3.600 45.300
25.100 0.000 44.700 25.700 3.600 45.300
25.400 0.000 44.700 26.000 3.600 45.300
25.700 0.000 44.700 26.300 3.600 45.300
26.000 0.000 44.700 26.600 3.600 45.300
26.300 0.000 44.700 26.900 3.600 45.300
26.600 0.000 44.700 27.200 3.600 45.300
26.900 0.000 44.700 27.500 3.600 45.300
27.200 0.000 44.700 27.800 3.600 45.300
27.500 0.000 44.700 28.100 3.600 45.300
27.800 0.000 44.700 28.400 3.600 45.300
28.100 0.000 44.700 28.700 3.600 45.300
28.400 0.000 44.700 29.000 3.600 45.300
28.700 0.000 44.700 29.300 3.600 45.300
29.000 0.000 44.700 29.600 3.600 45.300
29.300 0.000 44.700 29.900 3.600 45.300
29.600 0.000 44.700 30.200 3.600 45.300
29.900 0.000 44.700 30.500 3.600 45.300
30.200 0.000 44.700 30.800 3.600 45.300
30.500 0.000 44.700 31.100 3.600 45.300
30.800 0.000 44.700 31.400 3.600 45.300
31.100 0.000 44.700 31.700 3.600 45.300
31.400 0.000 44.700 32.000 3.600 45.300
31.700 0.000 44.700 32.300 3.600 45.300
32.000 0.000 44.700 32.600 3.600 45.300
32.300 0.000 44.700 32.900 3.600 45.300
32.600 0.000 44.700 33.200 3.600 45.300
32.900 0.000 44.700 33.500 3.600 45.300
33.200 0.000 44.700 33.800 3.600 45.300
33.500 0.000 44.700 34.100 3.600 45.300
33.800 0.000 44.700 34.400 3.600 45.300
34.100 0.000 44.700 34.700 3.600 45.300
34.400 0.000 44.700 35.000 3.600 45.300
34.700 0.000 44.700 35.300 3.600 45.300
35.000 0.000 44.700 35.600 3.600 45.300
35.300 0.000 44.700 35.900 3.600 45.300
35.600 0.000 44.700 36.200 3.600 45.300
35.900 0.000 44.700 36.500 3.600 45.300
36.200 0.000 44.700 36.800 3.600 45.300
36.500 0.000 44.700 37.100 3.600 45.300
36.800 0.000 44.700 37.400 3.600 45.300
37.100 0.000 44.700 37.700 3.600 45.300
37.400 0.000 44.700 38.000 3.600 45.300
37.700 0.000 44.700 38.300 3.600 45.300
38.000 0.000 44.700 38.600 3.600 45.300
38.300 0.000 44.700 38.900 3.600 45.300
38.600 0.000 44.700 39.200 3.600 45.300
38.900 0.000 44.700 39.500 3.600 45.300
39.200 0.000 44.700 39.800 3.600 45.300
39.500 0.000 44.700 40.100 3.600 45.300
39.800 0.000 44.700 40.400 3.600 45.300
40.100 0.000 44.700 40.700 3.600 45.300
40.400 0.000 44.700 41.000 3.600 45.300
40.700 0.000 44.700 41.300 3.600 45.300
41.000 0.000 44.700 41.600 3.600 45.300
41.300 0.000 44.700 41.900 3.600 45.300
41.600 0.000 44.700 42.200 3.600 45.300
41.900 0.000 44.700 42.500 3.600 45.300
42.200 0.000 44.700 42.800 3.600 45.300
42.500 0.000 44.700 43.100 3.600 45.300
42.800 0.000 44.700 43.400 3.600 45.300
43.100 0.000 44.700 43.700 3.600 45.300
43.400 0.000 44.700 44.000 3.600 45.300
43.700 0.000 44.700 44.300 3.600 45.300
44.000 0.000 44.700 44.600 3.600 45.300
44.300 0.000 44.700 44.900 3.600 45.300
44.600 0.000 44.700 45.200 3.600 45.300
44.900 0.000 44.700 45.500 3.600 45.300
45.200 0.000 44.700 45.800 3.600 45.300
45.500 0.000 44.700 46.100 3.600 45.300
45.800 0.000 44.700 46.400 3.600 45.300
46.100 0.000 44.700 46.700 3.600 45.300
46.400 0.000 44.700 47.000 3.600 45.300
46.700 0.000 44.700 47.300 3.600 45.300
47.000 0.000 44.700 47.600 3.600 45.300
47.300 0.000 44.700 47.900 3.600 45.300
47.600 0.000 44.700 48.200 3.600 45.300
47.900 0.000 44.700 48.500 3.600 45.300
48.200 0.000 44.700 48.800 3.600 45.300
48.500 0.000 44.700 49.100 3.600 45.300
48.800 0.000 44.700 49.400 3.600 45.300
49.100 0.000 44.700 49.700 3.600 45.300
49.400 0.000 44.700 50.000 3.600 45.300
49.700 0.000 44.700 50.300 3.600 45.300
50.000 0.000 44.700 50.600 3.600 45.300
50.300 0.000 44.700 50.900 3.600 45.300
50.600 0.000 44.700 51.200 3.600 45.300
50.900 0.000 44.700 51.500 3.600 45.300
51.200 0.000 44.700 51.800 3.600 45.300
51.500 0.000 44.700 52.100 3.600 45.300
51.800 0.000 44.700 52.400 3.600 45.300
52.100 0.000 44.700 52.700 3.600 45.300
52.400 0.000 44.700 53.000 3.600 45.300
52.700 0.000 44.700 53.300 3.600 45.300
53.000 0.000 44.700 53.600 3.600 45.300
53.300 0.000 44.700 53.900 3.600 45.300
53.600 0.000 44.700 54.200 3.600 45.300
53.900 0.000 44.700 54.500 3.600 45.300
54.200 0.000 44.700 54.800 3.600 45.300
54.500 0.000 44.700 55.100 3.600 45.300
54.800 0.000 44.700 55.400 3.600 45.300
55.100 0.000 44.700 55.700 3.600 45.300
55.400 0.000 44.700 56.000 3.600 45.300
55.700 0.000 44.700 56.300 3.600 45.300
56.000 0.000 44.700 56.600 3.600 45.300
56.300 0.000 44.700 56.900 3.600 45.300
56.600 0.000 44.700 57.200 3.600 45.300
56.900 0.000 44.700 57.500 3.600 45.300
57.200 0.000 44.700 57.800 3.600 45.300
57.500 0.000 44.700 58.100 3.600 45.300
57.800 0.000 44.700 58.400 3.600 45.300
58.100 0.000 44.700 58.700 3.600 45.300
58.400 0.000 44.700 59.000 3.600 45.300
58.700 0.000 44.700 59.300 3.600 45.300
59.000 0.000 44.700 59.600 3.600 45.300
59.300 0.000 44.700 59.900 3.600 45.300
59.600 0.000 44.700 60.200 3.600 45.300
59.900 0.000 44.700 60.500 3.600 45.300
60.200 0.000 44.700 60.800 3.600 45.300
60.500 0.000 44.700 61.100 3.600 45.300
60.800 0.000 44.700 61.400 3.600 45.300
61.100 0.000 44.700 61.700 3.600 45.300
61.400 0.000 44.700 62.000 3.600 45.300
61.700 0.000 44.700 62.300 3.600 45.300
62.000 0.000 44.700 62.600 3.600 45.300
62.300 0.000 44.700 62.900 3.600 45.300
62.600 0.000 44.700 63.200 3.600 45.300
62.900 0.000 44.700 63.500 3.600 45.300
63.200 0.000 44.700 63.800 3.600 45.300
63.500 0.000 44.700 64.100 3.600 45.300
63.800 0.000 44.700 64.400 3.600 45.300
64.100 0.000 44.700 64.700 3.600 45.300
64.400 0.000 44.700 65.000 3.600 45.300
64.700 0.000 44.700 65.300 3.600 45.300
24.700 0.000 49.700 25.300 3.600 50.300
24.999 0.000 49.700 25.599 3.600 50.300
25.297 0.000 49.700 25.897 3.600 50.300
25.596 0.000 49.700 26.196 3.600 50.300
25.895 0.000 49.700 26.495 3.600 50.300
26.194 0.000 49.700 26.794 3.600 50.300
26.492 0.000 49.700 27.092 3.600 50.300
26.791 0.000 49.700 27.391 3.600 50.300
27.090 0.000 49.700 27.690 3.600 50.300
27.388 0.000 49.700 27.988 3.600 50.300
27.687 0.000 49.700 28.287 3.600 50.300
27.986 0.000 49.700 28.586 3.600 50.300
28.284 0.000 49.700 28.884 3.600 50.300
28.583 0.000 49.700 29.183 3.600 50.300
28.882 0.000 49.700 29.482 3.600 50.300
29.181 0.000 49.700 29.781 3.600 50.300
29.479 0.000 49.700 30.079 3.600 50.300
29.778 0.000 49.700 30.378 3.600 50.300
30.077 0.000 49.700 30.677 3.600 50.300
30.375 0.000 49.700 30.975 3.600 50.300
30.674 0.000 49.700 31.274 3.600 50.300
30.973 0.000 49.700 31.573 3.600 50.300
31.271 0.000 49.700 31.871 3.600 50.300
31.570 0.000 49.700 32.170 3.600 50.300
31.869 0.000 49.700 32.469 3.600 50.300
32.168 0.000 49.700 32.768 3.600 50.300
32.466 0.000 49.700 33.066 3.600 50.300
32.765 0.000 49.700 33.365 3.600 50.300
33.064 0.000 49.700 33.664 3.600 50.300
33.362 0.000 49.700 33.962 3.600 50.300
33.661 0.000 49.700 34.261 3.600 50.300
33.960 0.000 49.700 34.560 3.600 50.300
34.258 0.000 49.700 34.858 3.600 50.300
34.557 0.000 49.700 35.157 3.600 50.300
34.856 0.000 49.700 35.456 3.600 50.300
35.155 0.000 49.700 35.755 3.600 50.300
35.453 0.000 49.700 36.053 3.600 50.300
35.752 0.000 49.700 36.352 3.600 50.300
36.051 0.000 49.700 36.651 3.600 50.300
36.349 0.000 49.700 36.949 3.600 50.300
36.648 0.000 49.700 37.248 3.600 50.300
36.947 0.000 49.700 37.547 3.600 50.300
37.245 0.000 49.700 37.845 3.600 50.300
37.544 0.000 49.700 38.144 3.600 50.300
37.843 0.000 49.700 38.443 3.600 50.300
38.142 0.000 49.700 38.742 3.600 50.300
38.440 0.000 49.700 39.040 3.600 50.300
38.739 0.000 49.700 39.339 3.600 50.300
39.038 0.000 49.700 39.638 3.600 50.300
39.336 0.000 49.700 39.936 3.600 50.300
39.635 0.000 49.700 40.235 3.600 50.300
39.934 0.000 49.700 40.534 3.600 50.300
40.232 0.000 49.700 40.832 3.600 50.300
40.531 0.000 49.700 41.131 3.600 50.300
40.830 0.000 49.700 41.430 3.600 50.300
41.129 0.000 49.700 41.729 3.600 50.300
41.427 0.000 49.700 42.027 3.600 50.300
41.726 0.000 49.700 42.326 3.600 50.300
42.025 0.000 49.700 42.625 3.600 50.300
42.323 0.000 49.700 42.923 3.600 50.300
42.622 0.000 49.700 43.222 3.600 50.300
42.921 0.000 49.700 43.521 3.600 50.300
43.219 0.000 49.700 43.819 3.600 50.300
43.518 0.000 49.700 44.118 3.600 50.300
43.817 0.000 49.700 44.417 3.600 50.300
44.116 0.000 49.700 44.716 3.600 50.300
44.414 0.000 49.700 45.014 3.600 50.300
44.713 0.000 49.700 45.313 3.600 50.300
45.012 0.000 49.700 45.612 3.600 50.300
45.310 0.000 49.700 45.910 3.600 50.300
45.609 0.000 49.700 46.209 3.600 50.300
45.908 0.000 49.700 46.508 3.600 50.300
46.206 0.000 49.700 46.806 3.600 50.300
46.505 0.000 49.700 47.105 3.600 50.300
46.804 0.000 49.700 47.404 3.600 50.300
47.103 0.000 49.700 47.703 3.600 50.300
47.401 0.000 49.700 48.001 3.600 50.300
47.700 0.000 49.700 48.300 3.600 50.300
47.700 0.000 49.700 48.300 3.600 50.300
47.700 0.000 50.000 48.300 3.600 50.600
47.700 0.000 50.300 48.300 3.600 50.900
47.700 0.000 50.600 48.300 3.600 51.200
47.700 0.000 50.900 48.300 3.600 51.500
47.700 0.000 51.200 48.300 3.600 51.800
47.700 0.000 51.500 48.300 3.600 52.100
47.700 0.000 51.800 48.300 3.600 52.400
47.700 0.000 52.100 48.300 3.600 52.700
47.700 0.000 52.400 48.300 3.600 53.000
47.700 0.000 52.700 48.300 3.600 53.300
47.700 0.000 53.000 48.300 3.600 53.600
47.700 0.000 53.300 48.300 3.600 53.900
47.700 0.000 53.600 48.300 3.600 54.200
47.700 0.000 53.900 48.300 3.600 54.500
47.700 0.000 54.200 48.300 3.600 54.800
47.700 0.000 54.500 48.300 3.600 55.100
47.700 0.000 54.800 48.300 3.600 55.400
47.700 0.000 55.100 48.300 3.600 55.700
47.700 0.000 55.400 48.300 3.600 56.000
47.700 0.000 55.700 48.300 3.600 56.300
47.700 0.000 56.000 48.300 3.600 56.600
47.700 0.000 56.300 48.300 3.600 56.900
47.700 0.000 56.600 48.300 3.600 57.200
47.700 0.000 56.900 48.300 3.600 57.500
47.700 0.000 57.200 48.300 3.600 57.800
47.700 0.000 57.500 48.300 3.600 58.100
47.700 0.000 57.800 48.300 3.600 58.400
47.700 0.000 58.100 48.300 3.600 58.700
47.700 0.000 58.400 48.300 3.600 59.000
47.700 0.000 58.700 48.300 3.600 59.300
47.700 0.000 59.000 48.300 3.600 59.600
47.700 0.000 59.300 48.300 3.600 59.900
47.700 0.000 59.600 48.300 3.600 60.200
47.700 0.000 59.900 48.300 3.600 60.500
47.700 0.000 60.200 48.300 3.600 60.800
47.700 0.000 60.500 48.300 3.600 61.100
47.700 0.000 60.800 48.300 3.600 61.400
47.700 0.000 61.100 48.300 3.600 61.700
47.700 0.000 61.400 48.300 3.600 62.000
47.700 0.000 61.700 48.300 3.600 62.300
47.700 0.000 61.700 48.300 3.600 62.300
47.400 0.000 61.700 48.000 3.600 62.300
47.100 0.000 61.700 47.700 3.600 62.300
46.800 0.000 61.700 47.400 3.600 62.300
46.500 0.000 61.700 47.100 3.600 62.300
46.200 0.000 61.700 46.800 3.600 62.300
45.900 0.000 61.700 46.500 3.600 62.300
45.600 0.000 61.700 46.200 3.600 62.300
45.300 0.000 61.700 45.900 3.600 62.300
45.000 0.000 61.700 45.600 3.600 62.300
44.700 0.000 61.700 45.300 3.600 62.300
44.400 0.000 61.700 45.000 3.600 62.300
44.100 0.000 61.700 44.700 3.600 62.300
43.800 0.000 61.700 44.400 3.600 62.300
43.500 0.000 61.700 44.100 3.600 62.300
43.200 0.000 61.700 43.800 3.600 62.300
42.900 0.000 61.700 43.500 3.600 62.300
42.600 0.000 61.700 43.200 3.600 62.300
42.300 0.000 61.700 42.900 3.600 62.300
42.000 0.000 61.700 42.600 3.600 62.300
41.700 0.000 61.700 42.300 3.600 62.300
41.700 0.000 61.700 42.300 3.600 62.300
41.700 0.000 61.400 42.300 3.600 62.000
41.700 0.000 61.100 42.300 3.600 61.700
41.700 0.000 60.800 42.300 3.600 61.400
41.700 0.000 60.500 42.300 3.600 61.100
41.700 0.000 60.200 42.300 3.600 60.800
41.700 0.000 59.900 42.300 3.600 60.500
41.700 0.000 59.600 42.300 3.600 60.200
41.700 0.000 59.300 42.300 3.600 59.900
41.700 0.000 59.000 42.300 3.600 59.600
41.700 0.000 58.700 42.300 3.600 59.300
41.700 0.000 58.400 42.300 3.600 59.000
41.700 0.000 58.100 42.300 3.600 58.700
41.700 0.000 57.800 42.300 3.600 58.400
41.700 0.000 57.500 42.300 3.600 58.100
41.700 0.000 57.200 42.300 3.600 57.800
41.700 0.000 56.900 42.300 3.600 57.500
41.700 0.000 56.600 42.300 3.600 57.200
41.700 0.000 56.300 42.300 3.600 56.900
41.700 0.000 56.000 42.300 3.600 56.600
41.700 0.000 55.700 42.300 3.600 56.300
41.700 0.000 55.700 42.300 3.600 56.300
41.406 0.000 55.700 42.006 3.600 56.300
41.112 0.000 55.700 41.712 3.600 56.300
40.818 0.000 55.700 41.418 3.600 56.300
40.524 0.000 55.700 41.124 3.600 56.300
40.229 0.000 55.700 40.829 3.600 56.300
39.935 0.000 55.700 40.535 3.600 56.300
39.641 0.000 55.700 40.241 3.600 56.300
39.347 0.000 55.700 39.947 3.600 56.300
39.053 0.000 55.700 39.653 3.600 56.300
38.759 0.000 55.700 39.359 3.600 56.300
38.465 0.000 55.700 39.065 3.600 56.300
38.171 0.000 55.700 38.771 3.600 56.300
37.876 0.000 55.700 38.476 3.600 56.300
37.582 0.000 55.700 38.182 3.600 56.300
37.288 0.000 55.700 37.888 3.600 56.300
36.994 0.000 55.700 37.594 3.600 56.300
36.700 0.000 55.700 37.300 3.600 56.300
36.406 0.000 55.700 37.006 3.600 56.300
36.112 0.000 55.700 36.712 3.600 56.300
35.818 0.000 55.700 36.418 3.600 56.300
35.524 0.000 55.700 36.124 3.600 56.300
35.229 0.000 55.700 35.829 3.600 56.300
34.935 0.000 55.700 35.535 3.600 56.300
34.641 0.000 55.700 35.241 3.600 56.300
34.347 0.000 55.700 34.947 3.600 56.300
34.053 0.000 55.700 34.653 3.600 56.300
33.759 0.000 55.700 34.359 3.600 56.300
33.465 0.000 55.700 34.065 3.600 56.300
33.171 0.000 55.700 33.771 3.600 56.300
32.876 0.000 55.700 33.476 3.600 56.300
32.582 0.000 55.700 33.182 3.600 56.300
32.288 0.000 55.700 32.888 3.600 56.300
31.994 0.000 55.700 32.594 3.600 56.300
31.700 0.000 55.700 32.300 3.600 56.300
31.700 0.000 55.700 32.300 3.600 56.300
31.700 0.000 56.000 32.300 3.600 56.600
31.700 0.000 56.300 32.300 3.600 56.900
31.700 0.000 56.600 32.300 3.600 57.200
31.700 0.000 56.900 32.300 3.600 57.500
31.700 0.000 57.200 32.300 3.600 57.800
31.700 0.000 57.500 32.300 3.600 58.100
31.700 0.000 57.800 32.300 3.600 58.400
31.700 0.000 58.100 32.300 3.600 58.700
31.700 0.000 58.400 32.300 3.600 59.000
31.700 0.000 58.700 32.300 3.600 59.300
31.700 0.000 59.000 32.300 3.600 59.600
31.700 0.000 59.300 32.300 3.600 59.900
31.700 0.000 59.600 32.300 3.600 60.200
31.700 0.000 59.900 32.300 3.600 60.500
31.700 0.000 60.200 32.300 3.600 60.800
31.700 0.000 60.500 32.300 3.600 61.100
31.700 0.000 60.800 32.300 3.600 61.400
31.700 0.000 61.100 32.300 3.600 61.700
31.700 0.000 61.400 32.300 3.600 62.000
31.700 0.000 61.700 32.300 3.600 62.300
31.700 0.000 62.000 32.300 3.600 62.600
31.700 0.000 62.300 32.300 3.600 62.900
31.700 0.000 62.600 32.300 3.600 63.200
31.700 0.000 62.900 32.300 3.600 63.500
31.700 0.000 63.200 32.300 3.600 63.800
31.700 0.000 63.500 32.300 3.600 64.100
31.700 0.000 63.800 32.300 3.600 64.400
31.700 0.000 64.100 32.300 3.600 64.700
31.700 0.000 64.400 32.300 3.600 65.000
31.700 0.000 64.700 32.300 3.600 65.300
31.700 0.000 64.700 32.300 3.600 65.300
31.408 0.000 64.700 32.008 3.600 65.300
31.117 0.000 64.700 31.717 3.600 65.300
30.825 0.000 64.700 31.425 3.600 65.300
30.533 0.000 64.700 31.133 3.600 65.300
30.242 0.000 64.700 30.842 3.600 65.300
29.950 0.000 64.700 30.550 3.600 65.300
29.658 0.000 64.700 30.258 3.600 65.300
29.367 0.000 64.700 29.967 3.600 65.300
29.075 0.000 64.700 29.675 3.600 65.300
28.783 0.000 64.700 29.383 3.600 65.300
28.492 0.000 64.700 29.092 3.600 65.300
28.200 0.000 64.700 28.800 3.600 65.300
27.908 0.000 64.700 28.508 3.600 65.300
27.617 0.000 64.700 28.217 3.600 65.300
27.325 0.000 64.700 27.925 3.600 65.300
27.033 0.000 64.700 27.633 3.600 65.300
26.742 0.000 64.700 27.342 3.600 65.300
26.450 0.000 64.700 27.050 3.600 65.300
26.158 0.000 64.700 26.758 3.600 65.300
25.867 0.000 64.700 26.467 3.600 65.300
25.575 0.000 64.700 26.175 3.600 65.300
25.283 0.000 64.700 25.883 3.600 65.300
24.992 0.000 64.700 25.592 3.600 65.300
24.700 0.000 64.700 25.300 3.600 65.300
24.700 0.000 64.700 25.300 3.600 65.300
24.700 0.000 64.400 25.300 3.600 65.000
24.700 0.000 64.100 25.300 3.600 64.700
24.700 0.000 63.800 25.300 3.600 64.400
24.700 0.000 63.500 25.300 3.600 64.100
24.700 0.000 63.200 25.300 3.600 63.800
24.700 0.000 62.900 25.300 3.600 63.500
24.700 0.000 62.600 25.300 3.600 63.200
24.700 0.000 62.300 25.300 3.600 62.900
24.700 0.000 62.000 25.300 3.600 62.600
24.700 0.000 61.700 25.300 3.600 62.300
24.700 0.000 61.400 25.300 3.600 62.000
24.700 0.000 61.100 25.300 3.600 61.700
24.700 0.000 60.800 25.300 3.600 61.400
24.700 0.000 60.500 25.300 3.600 61.100
24.700 0.000 60.200 25.300 3.600 60.800
24.700 0.000 59.900 25.300 3.600 60.500
24.700 0.000 59.600 25.300 3.600 60.200
24.700 0.000 59.300 25.300 3.600 59.900
24.700 0.000 59.000 25.300 3.600 59.600
24.700 0.000 58.700 25.300 3.600 59.300
24.700 0.000 58.400 25.300 3.600 59.000
24.700 0.000 58.100 25.300 3.600 58.700
24.700 0.000 57.800 25.300 3.600 58.400
24.700 0.000 57.500 25.300 3.600 58.100
24.700 0.000 57.200 25.300 3.600 57.800
24.700 0.000 56.900 25.300 3.600 57.500
24.700 0.000 56.600 25.300 3.600 57.200
24.700 0.000 56.300 25.300 3.600 56.900
24.700 0.000 56.000 25.300 3.600 56.600
24.700 0.000 55.700 25.300 3.600 56.300
24.700 0.000 55.400 25.300 3.600 56.000
24.700 0.000 55.100 25.300 3.600 55.700
24.700 0.000 54.800 25.300 3.600 55.400
24.700 0.000 54.500 25.300 3.600 55.100
24.700 0.000 54.200 25.300 3.600 54.800
24.700 0.000 53.900 25.300 3.600 54.500
24.700 0.000 53.600 25.300 3.600 54.200
24.700 0.000 53.300 25.300 3.600 53.900
24.700 0.000 53.000 25.300 3.600 53.600
24.700 0.000 52.700 25.300 3.600 53.300
24.700 0.000 52.400 25.300 3.600 53.000
24.700 0.000 52.100 25.300 3.600 52.700
24.700 0.000 51.800 25.300 3.600 52.400
24.700 0.000 51.500 25.300 3.600 52.100
24.700 0.000 51.200 25.300 3.600 51.800
24.700 0.000 50.900 25.300 3.600 51.500
24.700 0.000 50.600 25.300 3.600 51.200
24.700 0.000 50.300 25.300 3.600 50.900
24.700 0.000 50.000 25.300 3.600 50.600
24.700 0.000 49.700 25.300 3.600 50.300
59.700 0.000 21.700 60.300 3.600 22.300
59.996 0.000 21.700 60.596 3.600 22.300
60.293 0.000 21.700 60.893 3.600 22.300
60.589 0.000 21.700 61.189 3.600 22.300
60.885 0.000 21.700 61.485 3.600 22.300
61.181 0.000 21.700 61.781 3.600 22.300
61.478 0.000 21.700 62.078 3.600 22.300
61.774 0.000 21.700 62.374 3.600 22.300
62.070 0.000 21.700 62.670 3.600 22.300
62.367 0.000 21.700 62.967 3.600 22.300
62.663 0.000 21.700 63.263 3.600 22.300
62.959 0.000 21.700 63.559 3.600 22.300
63.256 0.000 21.700 63.856 3.600 22.300
63.552 0.000 21.700 64.152 3.600 22.300
63.848 0.000 21.700 64.448 3.600 22.300
64.144 0.000 21.700 64.744 3.600 22.300
64.441 0.000 21.700 65.041 3.600 22.300
64.737 0.000 21.700 65.337 3.600 22.300
65.033 0.000 21.700 65.633 3.600 22.300
65.330 0.000 21.700 65.930 3.600 22.300
65.626 0.000 21.700 66.226 3.600 22.300
65.922 0.000 21.700 66.522 3.600 22.300
66.219 0.000 21.700 66.819 3.600 22.300
66.515 0.000 21.700 67.115 3.600 22.300
66.811 0.000 21.700 67.411 3.600 22.300
67.107 0.000 21.700 67.707 3.600 22.300
67.404 0.000 21.700 68.004 3.600 22.300
67.700 0.000 21.700 68.300 3.600 22.300
67.700 0.000 21.700 68.300 3.600 22.300
67.700 0.000 21.996 68.300 3.600 22.596
67.700 0.000 22.293 68.300 3.600 22.893
67.700 0.000 22.589 68.300 3.600 23.189
67.700 0.000 22.885 68.300 3.600 23.485
67.700 0.000 23.181 68.300 3.600 23.781
67.700 0.000 23.478 68.300 3.600 24.078
67.700 0.000 23.774 68.300 3.600 24.374
67.700 0.000 24.070 68.300 3.600 24.670
67.700 0.000 24.367 68.300 3.600 24.967
67.700 0.000 24.663 68.300 3.600 25.263
67.700 0.000 24.959 68.300 3.600 25.559
67.700 0.000 25.256 68.300 3.600 25.856
67.700 0.000 25.552 68.300 3.600 26.152
67.700 0.000 25.848 68.300 3.600 26.448
67.700 0.000 26.144 68.300 3.600 26.744
67.700 0.000 26.441 68.300 3.600 27.041
67.700 0.000 26.737 68.300 3.600 27.337
67.700 0.000 27.033 68.300 3.600 27.633
67.700 0.000 27.330 68.300 3.600 27.930
67.700 0.000 27.626 68.300 3.600 28.226
67.700 0.000 27.922 68.300 3.600 28.522
67.700 0.000 28.219 68.300 3.600 28.819
67.700 0.000 28.515 68.300 3.600 29.115
67.700 0.000 28.811 68.300 3.600 29.411
67.700 0.000 29.107 68.300 3.600 29.707
67.700 0.000 29.404 68.300 3.600 30.004
67.700 0.000 29.700 68.300 3.600 30.300
67.700 0.000 29.700 68.300 3.600 30.300
67.404 0.000 29.700 68.004 3.600 30.300
67.107 0.000 29.700 67.707 3.600 30.300
66.811 0.000 29.700 67.411 3.600 30.300
66.515 0.000 29.700 67.115 3.600 30.300
66.219 0.000 29.700 66.819 3.600 30.300
65.922 0.000 29.700 66.522 3.600 30.300
65.626 0.000 29.700 66.226 3.600 30.300
65.330 0.000 29.700 65.930 3.600 30.300
65.033 0.000 29.700 65.633 3.600 30.300
64.737 0.000 29.700 65.337 3.600 30.300
64.441 0.000 29.700 65.041 3.600 30.300
64.144 0.000 29.700 64.744 3.600 30.300
63.848 0.000 29.700 64.448 3.600 30.300
63.552 0.000 29.700 64.152 3.600 30.300
63.256 0.000 29.700 63.856 3.600 30.300
62.959 0.000 29.700 63.559 3.600 30.300
62.663 0.000 29.700 63.263 3.600 30.300
62.367 0.000 29.700 62.967 3.600 30.300
62.070 0.000 29.700 62.670 3.600 30.300
61.774 0.000 29.700 62.374 3.600 30.300
61.478 0.000 29.700 62.078 3.600 30.300
61.181 0.000 29.700 61.781 3.600 30.300
60.885 0.000 29.700 61.485 3.600 30.300
60.589 0.000 29.700 61.189 3.600 30.300
60.293 0.000 29.700 60.893 3.600 30.300
59.996 0.000 29.700 60.596 3.600 30.300
59.700 0.000 29.700 60.300 3.600 30.300
59.700 0.000 29.700 60.300 3.600 30.300
59.700 0.000 29.404 60.300 3.600 30.004
59.700 0.000 29.107 60.300 3.600 29.707
59.700 0.000 28.811 60.300 3.600 29.411
59.700 0.000 28.515 60.300 3.600 29.115
59.700 0.000 28.219 60.300 3.600 28.819
59.700 0.000 27.922 60.300 3.600 28.522
59.700 0.000 27.626 60.300 3.600 28.226
59.700 0.000 27.330 60.300 3.600 27.930
59.700 0.000 27.033 60.300 3.600 27.633
59.700 0.000 26.737 60.300 3.600 27.337
59.700 0.000 26.441 60.300 3.600 27.041
59.700 0.000 26.144 60.300 3.600 26.744
59.700 0.000 25.848 60.300 3.600 26.448
59.700 0.000 25.552 60.300 3.600 26.152
59.700 0.000 25.256 60.300 3.600 25.856
59.700 0.000 24.959 60.300 3.600 25.559
59.700 0.000 24.663 60.300 3.600 25.263
59.700 0.000 24.367 60.300 3.600 24.967
59.700 0.000 24.070 60.300 3.600 24.670
59.700 0.000 23.774 60.300 3.600 24.374
59.700 0.000 23.478 60.300 3.600 24.078
59.700 0.000 23.181 60.300 3.600 23.781
59.700 0.000 22.885 60.300 3.600 23.485
59.700 0.000 22.589 60.300 3.600 23.189
59.700 0.000 22.293 60.300 3.600 22.893
59.700 0.000 21.996 60.300 3.600 22.596
59.700 0.000 21.700 60.300 3.600 22.300
69.700 0.000 19.700 70.300 3.600 20.300
69.700 0.000 19.999 70.300 3.600 20.599
69.700 0.000 20.298 70.300 3.600 20.898
69.700 0.000 20.597 70.300 3.600 21.197
69.700 0.000 20.895 70.300 3.600 21.495
69.700 0.000 21.194 70.300 3.600 21.794
69.700 0.000 21.493 70.300 3.600 22.093
69.700 0.000 21.792 70.300 3.600 22.392
69.700 0.000 22.091 70.300 3.600 22.691
69.700 0.000 22.390 70.300 3.600 22.990
69.700 0.000 22.689 70.300 3.600 23.289
69.700 0.000 22.987 70.300 3.600 23.587
69.700 0.000 23.286 70.300 3.600 23.886
69.700 0.000 23.585 70.300 3.600 24.185
69.700 0.000 23.884 70.300 3.600 24.484
69.700 0.000 24.183 70.300 3.600 24.783
69.700 0.000 24.482 70.300 3.600 25.082
69.700 0.000 24.780 70.300 3.600 25.380
69.700 0.000 25.079 70.300 3.600 25.679
69.700 0.000 25.378 70.300 3.600 25.978
69.700 0.000 25.677 70.300 3.600 26.277
69.700 0.000 25.976 70.300 3.600 26.576
69.700 0.000 26.275 70.300 3.600 26.875
69.700 0.000 26.574 70.300 3.600 27.174
69.700 0.000 26.872 70.300 3.600 27.472
69.700 0.000 27.171 70.300 3.600 27.771
69.700 0.000 27.470 70.300 3.600 28.070
69.700 0.000 27.769 70.300 3.600 28.369
69.700 0.000 28.068 70.300 3.600 28.668
69.700 0.000 28.367 70.300 3.600 28.967
69.700 0.000 28.666 70.300 3.600 29.266
69.700 0.000 28.964 70.300 3.600 29.564
69.700 0.000 29.263 70.300 3.600 29.863
69.700 0.000 29.562 70.300 3.600 30.162
69.700 0.000 29.861 70.300 3.600 30.461
69.700 0.000 30.160 70.300 3.600 30.760
69.700 0.000 30.459 70.300 3.600 31.059
69.700 0.000 30.757 70.300 3.600 31.357
69.700 0.000 31.056 70.300 3.600 31.656
69.700 0.000 31.355 70.300 3.600 31.955
69.700 0.000 31.654 70.300 3.600 32.254
69.700 0.000 31.953 70.300 3.600 32.553
69.700 0.000 32.252 70.300 3.600 32.852
69.700 0.000 32.551 70.300 3.600 33.151
69.700 0.000 32.849 70.300 3.600 33.449
69.700 0.000 33.148 70.300 3.600 33.748
69.700 0.000 33.447 70.300 3.600 34.047
69.700 0.000 33.746 70.300 3.600 34.346
69.700 0.000 34.045 70.300 3.600 34.645
69.700 0.000 34.344 70.300 3.600 34.944
69.700 0.000 34.643 70.300 3.600 35.243
69.700 0.000 34.941 70.300 3.600 35.541
69.700 0.000 35.240 70.300 3.600 35.840
69.700 0.000 35.539 70.300 3.600 36.139
69.700 0.000 35.838 70.300 3.600 36.438
69.700 0.000 36.137 70.300 3.600 36.737
69.700 0.000 36.436 70.300 3.600 37.036
69.700 0.000 36.734 70.300 3.600 37.334
69.700 0.000 37.033 70.300 3.600 37.633
69.700 0.000 37.332 70.300 3.600 37.932
69.700 0.000 37.631 70.300 3.600 38.231
69.700 0.000 37.930 70.300 3.600 38.530
69.700 0.000 38.229 70.300 3.600 38.829
69.700 0.000 38.528 70.300 3.600 39.128
69.700 0.000 38.826 70.300 3.600 39.426
69.700 0.000 39.125 70.300 3.600 39.725
69.700 0.000 39.424 70.300 3.600 40.024
69.700 0.000 39.723 70.300 3.600 40.323
69.700 0.000 40.022 70.300 3.600 40.622
69.700 0.000 40.321 70.300 3.600 40.921
69.700 0.000 40.620 70.300 3.600 41.220
69.700 0.000 40.918 70.300 3.600 41.518
69.700 0.000 41.217 70.300 3.600 41.817
69.700 0.000 41.516 70.300 3.600 42.116
69.700 0.000 41.815 70.300 3.600 42.415
69.700 0.000 42.114 70.300 3.600 42.714
69.700 0.000 42.413 70.300 3.600 43.013
69.700 0.000 42.711 70.300 3.600 43.311
69.700 0.000 43.010 70.300 3.600 43.610
69.700 0.000 43.309 70.300 3.600 43.909
69.700 0.000 43.608 70.300 3.600 44.208
69.700 0.000 43.907 70.300 3.600 44.507
69.700 0.000 44.206 70.300 3.600 44.806
69.700 0.000 44.505 70.300 3.600 45.105
69.700 0.000 44.803 70.300 3.600 45.403
69.700 0.000 45.102 70.300 3.600 45.702
69.700 0.000 45.401 70.300 3.600 46.001
69.700 0.000 45.700 70.300 3.600 46.300
69.700 0.000 45.999 70.300 3.600 46.599
69.700 0.000 46.298 70.300 3.600 46.898
69.700 0.000 46.597 70.300 3.600 47.197
69.700 0.000 46.895 70.300 3.600 47.495
69.700 0.000 47.194 70.300 3.600 47.794
69.700 0.000 47.493 70.300 3.600 48.093
69.700 0.000 47.792 70.300 3.600 48.392
69.700 0.000 48.091 70.300 3.600 48.691
69.700 0.000 48.390 70.300 3.600 48.990
69.700 0.000 48.689 70.300 3.600 49.289
69.700 0.000 48.987 70.300 3.600 49.587
69.700 0.000 49.286 70.300 3.600 49.886
69.700 0.000 49.585 70.300 3.600 50.185
69.700 0.000 49.884 70.300 3.600 50.484
69.700 0.000 50.183 70.300 3.600 50.783
69.700 0.000 50.482 70.300 3.600 51.082
69.700 0.000 50.780 70.300 3.600 51.380
69.700 0.000 51.079 70.300 3.600 51.679
69.700 0.000 51.378 70.300 3.600 51.978
69.700 0.000 51.677 70.300 3.600 52.277
69.700 0.000 51.976 70.300 3.600 52.576
69.700 0.000 52.275 70.300 3.600 52.875
69.700 0.000 52.574 70.300 3.600 53.174
69.700 0.000 52.872 70.300 3.600 53.472
69.700 0.000 53.171 70.300 3.600 53.771
69.700 0.000 53.470 70.300 3.600 54.070
69.700 0.000 53.769 70.300 3.600 54.369
69.700 0.000 54.068 70.300 3.600 54.668
69.700 0.000 54.367 70.300 3.600 54.967
69.700 0.000 54.666 70.300 3.600 55.266
69.700 0.000 54.964 70.300 3.600 55.564
69.700 0.000 55.263 70.300 3.600 55.863
69.700 0.000 55.562 70.300 3.600 56.162
69.700 0.000 55.861 70.300 3.600 56.461
69.700 0.000 56.160 70.300 3.600 56.760
69.700 0.000 56.459 70.300 3.600 57.059
69.700 0.000 56.757 70.300 3.600 57.357
69.700 0.000 57.056 70.300 3.600 57.656
69.700 0.000 57.355 70.300 3.600 57.955
69.700 0.000 57.654 70.300 3.600 58.254
69.700 0.000 57.953 70.300 3.600 58.553
69.700 0.000 58.252 70.300 3.600 58.852
69.700 0.000 58.551 70.300 3.600 59.151
69.700 0.000 58.849 70.300 3.600 59.449
69.700 0.000 59.148 70.300 3.600 59.748
69.700 0.000 59.447 70.300 3.600 60.047
69.700 0.000 59.746 70.300 3.600 60.346
69.700 0.000 60.045 70.300 3.600 60.645
69.700 0.000 60.344 70.300 3.600 60.944
69.700 0.000 60.643 70.300 3.600 61.243
69.700 0.000 60.941 70.300 3.600 61.541
69.700 0.000 61.240 70.300 3.600 61.840
69.700 0.000 61.539 70.300 3.600 62.139
69.700 0.000 61.838 70.300 3.600 62.438
69.700 0.000 62.137 70.300 3.600 62.737
69.700 0.000 62.436 70.300 3.600 63.036
69.700 0.000 62.734 70.300 3.600 63.334
69.700 0.000 63.033 70.300 3.600 63.633
69.700 0.000 63.332 70.300 3.600 63.932
69.700 0.000 63.631 70.300 3.600 64.231
69.700 0.000 63.930 70.300 3.600 64.530
69.700 0.000 64.229 70.300 3.600 64.829
69.700 0.000 64.528 70.300 3.600 65.128
69.700 0.000 64.826 70.300 3.600 65.426
69.700 0.000 65.125 70.300 3.600 65.725
69.700 0.000 65.424 70.300 3.600 66.024
69.700 0.000 65.723 70.300 3.600 66.323
69.700 0.000 66.022 70.300 3.600 66.622
69.700 0.000 66.321 70.300 3.600 66.921
69.700 0.000 66.620 70.300 3.600 67.220
69.700 0.000 66.918 70.300 3.600 67.518
69.700 0.000 67.217 70.300 3.600 67.817
69.700 0.000 67.516 70.300 3.600 68.116
69.700 0.000 67.815 70.300 3.600 68.415
69.700 0.000 68.114 70.300 3.600 68.714
69.700 0.000 68.413 70.300 3.600 69.013
69.700 0.000 68.711 70.300 3.600 69.311
69.700 0.000 69.010 70.300 3.600 69.610
69.700 0.000 69.309 70.300 3.600 69.909
69.700 0.000 69.608 70.300 3.600 70.208
69.700 0.000 69.907 70.300 3.600 70.507
69.700 0.000 70.206 70.300 3.600 70.806
69.700 0.000 70.505 70.300 3.600 71.105
69.700 0.000 70.803 70.300 3.600 71.403
69.700 0.000 71.102 70.300 3.600 71.702
69.700 0.000 71.401 70.300 3.600 72.001
69.700 0.000 71.700 70.300 3.600 72.300
74.700 0.000 49.700 75.300 3.600 50.300
74.992 0.000 49.700 75.592 3.600 50.300
75.283 0.000 49.700 75.883 3.600 50.300
75.575 0.000 49.700 76.175 3.600 50.300
75.867 0.000 49.700 76.467 3.600 50.300
76.158 0.000 49.700 76.758 3.600 50.300
76.450 0.000 49.700 77.050 3.600 50.300
76.742 0.000 49.700 77.342 3.600 50.300
77.033 0.000 49.700 77.633 3.600 50.300
77.325 0.000 49.700 77.925 3.600 50.300
77.617 0.000 49.700 78.217 3.600 50.300
77.908 0.000 49.700 78.508 3.600 50.300
78.200 0.000 49.700 78.800 3.600 50.300
78.492 0.000 49.700 79.092 3.600 50.300
78.783 0.000 49.700 79.383 3.600 50.300
79.075 0.000 49.700 79.675 3.600 50.300
79.367 0.000 49.700 79.967 3.600 50.300
79.658 0.000 49.700 80.258 3.600 50.300
79.950 0.000 49.700 80.550 3.600 50.300
80.242 0.000 49.700 80.842 3.600 50.300
80.533 0.000 49.700 81.133 3.600 50.300
80.825 0.000 49.700 81.425 3.600 50.300
81.117 0.000 49.700 81.717 3.600 50.300
81.408 0.000 49.700 82.008 3.600 50.300
81.700 0.000 49.700 82.300 3.600 50.300
81.700 0.000 49.700 82.300 3.600 50.300
81.700 0.000 49.994 82.300 3.600 50.594
81.700 0.000 50.288 82.300 3.600 50.888
81.700 0.000 50.582 82.300 3.600 51.182
81.700 0.000 50.876 82.300 3.600 51.476
81.700 0.000 51.171 82.300 3.600 51.771
81.700 0.000 51.465 82.300 3.600 52.065
81.700 0.000 51.759 82.300 3.600 52.359
81.700 0.000 52.053 82.300 3.600 52.653
81.700 0.000 52.347 82.300 3.600 52.947
81.700 0.000 52.641 82.300 3.600 53.241
81.700 0.000 52.935 82.300 3.600 53.535
81.700 0.000 53.229 82.300 3.600 53.829
81.700 0.000 53.524 82.300 3.600 54.124
81.700 0.000 53.818 82.300 3.600 54.418
81.700 0.000 54.112 82.300 3.600 54.712
81.700 0.000 54.406 82.300 3.600 55.006
81.700 0.000 54.700 82.300 3.600 55.300
81.700 0.000 54.700 82.300 3.600 55.300
82.000 0.000 54.700 82.600 3.600 55.300
82.300 0.000 54.700 82.900 3.600 55.300
82.600 0.000 54.700 83.200 3.600 55.300
82.900 0.000 54.700 83.500 3.600 55.300
83.200 0.000 54.700 83.800 3.600 55.300
83.500 0.000 54.700 84.100 3.600 55.300
83.800 0.000 54.700 84.400 3.600 55.300
84.100 0.000 54.700 84.700 3.600 55.300
84.400 0.000 54.700 85.000 3.600 55.300
84.700 0.000 54.700 85.300 3.600 55.300
85.000 0.000 54.700 85.600 3.600 55.300
85.300 0.000 54.700 85.900 3.600 55.300
85.600 0.000 54.700 86.200 3.600 55.300
85.900 0.000 54.700 86.500 3.600 55.300
86.200 0.000 54.700 86.800 3.600 55.300
86.500 0.000 54.700 87.100 3.600 55.300
86.800 0.000 54.700 87.400 3.600 55.300
87.100 0.000 54.700 87.700 3.600 55.300
87.400 0.000 54.700 88.000 3.600 55.300
87.700 0.000 54.700 88.300 3.600 55.300
87.700 0.000 54.700 88.300 3.600 55.300
87.700 0.000 54.994 88.300 3.600 55.594
87.700 0.000 55.288 88.300 3.600 55.888
87.700 0.000 55.582 88.300 3.600 56.182
87.700 0.000 55.876 88.300 3.600 56.476
87.700 0.000 56.171 88.300 3.600 56.771
87.700 0.000 56.465 88.300 3.600 57.065
87.700 0.000 56.759 88.300 3.600 57.359
87.700 0.000 57.053 88.300 3.600 57.653
87.700 0.000 57.347 88.300 3.600 57.947
87.700 0.000 57.641 88.300 3.600 58.241
87.700 0.000 57.935 88.300 3.600 58.535
87.700 0.000 58.229 88.300 3.600 58.829
87.700 0.000 58.524 88.300 3.600 59.124
87.700 0.000 58.818 88.300 3.600 59.418
87.700 0.000 59.112 88.300 3.600 59.712
87.700 0.000 59.406 88.300 3.600 60.006
87.700 0.000 59.700 88.300 3.600 60.300
87.700 0.000 59.700 88.300 3.600 60.300
88.000 0.000 59.700 88.600 3.600 60.300
88.300 0.000 59.700 88.900 3.600 60.300
88.600 0.000 59.700 89.200 3.600 60.300
88.900 0.000 59.700 89.500 3.600 60.300
89.200 0.000 59.700 89.800 3.600 60.300
89.500 0.000 59.700 90.100 3.600 60.300
89.800 0.000 59.700 90.400 3.600 60.300
90.100 0.000 59.700 90.700 3.600 60.300
90.400 0.000 59.700 91.000 3.600 60.300
90.700 0.000 59.700 91.300 3.600 60.300
91.000 0.000 59.700 91.600 3.600 60.300
91.300 0.000 59.700 91.900 3.600 60.300
91.600 0.000 59.700 92.200 3.600 60.300
91.900 0.000 59.700 92.500 3.600 60.300
92.200 0.000 59.700 92.800 3.600 60.300
92.500 0.000 59.700 93.100 3.600 60.300
92.800 0.000 59.700 93.400 3.600 60.300
93.100 0.000 59.700 93.700 3.600 60.300
93.400 0.000 59.700 94.000 3.600 60.300
93.700 0.000 59.700 94.300 3.600 60.300
93.700 0.000 59.700 94.300 3.600 60.300
93.700 0.000 60.000 94.300 3.600 60.600
93.700 0.000 60.300 94.300 3.600 60.900
93.700 0.000 60.600 94.300 3.600 61.200
93.700 0.000 60.900 94.300 3.600 61.500
93.700 0.000 61.200 94.300 3.600 61.800
93.700 0.000 61.500 94.300 3.600 62.100
93.700 0.000 61.800 94.300 3.600 62.400
93.700 0.000 62.100 94.300 3.600 62.700
93.700 0.000 62.400 94.300 3.600 63.000
93.700 0.000 62.700 94.300 3.600 63.300
93.700 0.000 63.000 94.300 3.600 63.600
93.700 0.000 63.300 94.300 3.600 63.900
93.700 0.000 63.600 94.300 3.600 64.200
93.700 0.000 63.900 94.300 3.600 64.500
93.700 0.000 64.200 94.300 3.600 64.800
93.700 0.000 64.500 94.300 3.600 65.100
93.700 0.000 64.800 94.300 3.600 65.400
93.700 0.000 65.100 94.300 3.600 65.700
93.700 0.000 65.400 94.300 3.600 66.000
93.700 0.000 65.700 94.300 3.600 66.300
93.700 0.000 65.700 94.300 3.600 66.300
93.400 0.000 65.700 94.000 3.600 66.300
93.100 0.000 65.700 93.700 3.600 66.300
92.800 0.000 65.700 93.400 3.600 66.300
92.500 0.000 65.700 93.100 3.600 66.300
92.200 0.000 65.700 92.800 3.600 66.300
91.900 0.000 65.700 92.500 3.600 66.300
91.600 0.000 65.700 92.200 3.600 66.300
91.300 0.000 65.700 91.900 3.600 66.300
91.000 0.000 65.700 91.600 3.600 66.300
90.700 0.000 65.700 91.300 3.600 66.300
90.400 0.000 65.700 91.000 3.600 66.300
90.100 0.000 65.700 90.700 3.600 66.300
89.800 0.000 65.700 90.400 3.600 66.300
89.500 0.000 65.700 90.100 3.600 66.300
89.200 0.000 65.700 89.800 3.600 66.300
88.900 0.000 65.700 89.500 3.600 66.300
88.600 0.000 65.700 89.200 3.600 66.300
88.300 0.000 65.700 88.900 3.600 66.300
88.000 0.000 65.700 88.600 3.600 66.300
87.700 0.000 65.700 88.300 3.600 66.300
87.700 0.000 65.700 88.300 3.600 66.300
87.700 0.000 66.000 88.300 3.600 66.600
87.700 0.000 66.300 88.300 3.600 66.900
87.700 0.000 66.600 88.300 3.600 67.200
87.700 0.000 66.900 88.300 3.600 67.500
87.700 0.000 67.200 88.300 3.600 67.800
87.700 0.000 67.500 88.300 3.600 68.100
87.700 0.000 67.800 88.300 3.600 68.400
87.700 0.000 68.100 88.300 3.600 68.700
87.700 0.000 68.400 88.300 3.600 69.000
87.700 0.000 68.700 88.300 3.600 69.300
87.700 0.000 69.000 88.300 3.600 69.600
87.700 0.000 69.300 88.300 3.600 69.900
87.700 0.000 69.600 88.300 3.600 70.200
87.700 0.000 69.900 88.300 3.600 70.500
87.700 0.000 70.200 88.300 3.600 70.800
87.700 0.000 70.500 88.300 3.600 71.100
87.700 0.000 70.800 88.300 3.600 71.400
87.700 0.000 71.100 88.300 3.600 71.700
87.700 0.000 71.400 88.300 3.600 72.000
87.700 0.000 71.700 88.300 3.600 72.300
87.700 0.000 71.700 88.300 3.600 72.300
87.405 0.000 71.700 88.005 3.600 72.300
87.109 0.000 71.700 87.709 3.600 72.300
86.814 0.000 71.700 87.414 3.600 72.300
86.518 0.000 71.700 87.118 3.600 72.300
86.223 0.000 71.700 86.823 3.600 72.300
85.927 0.000 71.700 86.527 3.600 72.300
85.632 0.000 71.700 86.232 3.600 72.300
85.336 0.000 71.700 85.936 3.600 72.300
85.041 0.000 71.700 85.641 3.600 72.300
84.745 0.000 71.700 85.345 3.600 72.300
84.450 0.000 71.700 85.050 3.600 72.300
84.155 0.000 71.700 84.755 3.600 72.300
83.859 0.000 71.700 84.459 3.600 72.300
83.564 0.000 71.700 84.164 3.600 72.300
83.268 0.000 71.700 83.868 3.600 72.300
82.973 0.000 71.700 83.573 3.600 72.300
82.677 0.000 71.700 83.277 3.600 72.300
82.382 0.000 71.700 82.982 3.600 72.300
82.086 0.000 71.700 82.686 3.600 72.300
81.791 0.000 71.700 82.391 3.600 72.300
81.495 0.000 71.700 82.095 3.600 72.300
81.200 0.000 71.700 81.800 3.600 72.300
80.905 0.000 71.700 81.505 3.600 72.300
80.609 0.000 71.700 81.209 3.600 72.300
80.314 0.000 71.700 80.914 3.600 72.300
80.018 0.000 71.700 80.618 3.600 72.300
79.723 0.000 71.700 80.323 3.600 72.300
79.427 0.000 71.700 80.027 3.600 72.300
79.132 0.000 71.700 79.732 3.600 72.300
78.836 0.000 71.700 79.436 3.600 72.300
78.541 0.000 71.700 79.141 3.600 72.300
78.245 0.000 71.700 78.845 3.600 72.300
77.950 0.000 71.700 78.550 3.600 72.300
77.655 0.000 71.700 78.255 3.600 72.300
77.359 0.000 71.700 77.959 3.600 72.300
77.064 0.000 71.700 77.664 3.600 72.300
76.768 0.000 71.700 77.368 3.600 72.300
76.473 0.000 71.700 77.073 3.600 72.300
76.177 0.000 71.700 76.777 3.600 72.300
75.882 0.000 71.700 76.482 3.600 72.300
75.586 0.000 71.700 76.186 3.600 72.300
75.291 0.000 71.700 75.891 3.600 72.300
74.995 0.000 71.700 75.595 3.600 72.300
74.700 0.000 71.700 75.300 3.600 72.300
37.700 0.000 137.700 38.300 3.600 138.300
37.830 0.000 137.430 38.430 3.600 138.030
37.961 0.000 137.161 38.561 3.600 137.761
38.091 0.000 136.891 38.691 3.600 137.491
38.222 0.000 136.622 38.822 3.600 137.222
38.352 0.000 136.352 38.952 3.600 136.952
38.483 0.000 136.083 39.083 3.600 136.683
38.613 0.000 135.813 39.213 3.600 136.413
38.743 0.000 135.543 39.343 3.600 136.143
38.874 0.000 135.274 39.474 3.600 135.874
39.004 0.000 135.004 39.604 3.600 135.604
39.135 0.000 134.735 39.735 3.600 135.335
39.265 0.000 134.465 39.865 3.600 135.065
39.396 0.000 134.196 39.996 3.600 134.796
39.526 0.000 133.926 40.126 3.600 134.526
39.657 0.000 133.657 40.257 3.600 134.257
39.787 0.000 133.387 40.387 3.600 133.987
39.917 0.000 133.117 40.517 3.600 133.717
40.048 0.000 132.848 40.648 3.600 133.448
40.178 0.000 132.578 40.778 3.600 133.178
40.309 0.000 132.309 40.909 3.600 132.909
40.439 0.000 132.039 41.039 3.600 132.639
40.570 0.000 131.770 41.170 3.600 132.370
40.700 0.000 131.500 41.300 3.600 132.100
40.830 0.000 131.230 41.430 3.600 131.830
40.961 0.000 130.961 41.561 3.600 131.561
41.091 0.000 130.691 41.691 3.600 131.291
41.222 0.000 130.422 41.822 3.600 131.022
41.352 0.000 130.152 41.952 3.600 130.752
41.483 0.000 129.883 42.083 3.600 130.483
41.613 0.000 129.613 42.213 3.600 130.213
41.743 0.000 129.343 42.343 3.600 129.943
41.874 0.000 129.074 42.474 3.600 129.674
42.004 0.000 128.804 42.604 3.600 129.404
42.135 0.000 128.535 42.735 3.600 129.135
42.265 0.000 128.265 42.865 3.600 128.865
42.396 0.000 127.996 42.996 3.600 128.596
42.526 0.000 127.726 43.126 3.600 128.326
42.657 0.000 127.457 43.257 3.600 128.057
42.787 0.000 127.187 43.387 3.600 127.787
42.917 0.000 126.917 43.517 3.600 127.517
43.048 0.000 126.648 43.648 3.600 127.248
43.178 0.000 126.378 43.778 3.600 126.978
43.309 0.000 126.109 43.909 3.600 126.709
43.439 0.000 125.839 44.039 3.600 126.439
43.570 0.000 125.570 44.170 3.600 126.170
43.700 0.000 125.300 44.300 3.600 125.900
43.830 0.000 125.030 44.430 3.600 125.630
43.961 0.000 124.761 44.561 3.600 125.361
44.091 0.000 124.491 44.691 3.600 125.091
44.222 0.000 124.222 44.822 3.600 124.822
44.352 0.000 123.952 44.952 3.600 124.552
44.483 0.000 123.683 45.083 3.600 124.283
44.613 0.000 123.413 45.213 3.600 124.013
44.743 0.000 123.143 45.343 3.600 123.743
44.874 0.000 122.874 45.474 3.600 123.474
45.004 0.000 122.604 45.604 3.600 123.204
45.135 0.000 122.335 45.735 3.600 122.935
45.265 0.000 122.065 45.865 3.600 122.665
45.396 0.000 121.796 45.996 3.600 122.396
45.526 0.000 121.526 46.126 3.600 122.126
45.657 0.000 121.257 46.257 3.600 121.857
45.787 0.000 120.987 46.387 3.600 121.587
45.917 0.000 120.717 46.517 3.600 121.317
46.048 0.000 120.448 46.648 3.600 121.048
46.178 0.000 120.178 46.778 3.600 120.778
46.309 0.000 119.909 46.909 3.600 120.509
46.439 0.000 119.639 47.039 3.600 120.239
46.570 0.000 119.370 47.170 3.600 119.970
46.700 0.000 119.100 47.300 3.600 119.700
46.830 0.000 118.830 47.430 3.600 119.430
46.961 0.000 118.561 47.561 3.600 119.161
47.091 0.000 118.291 47.691 3.600 118.891
47.222 0.000 118.022 47.822 3.600 118.622
47.352 0.000 117.752 47.952 3.600 118.352
47.483 0.000 117.483 48.083 3.600 118.083
47.613 0.000 117.213 48.213 3.600 117.813
47.743 0.000 116.943 48.343 3.600 117.543
47.874 0.000 116.674 48.474 3.600 117.274
48.004 0.000 116.404 48.604 3.600 117.004
48.135 0.000 116.135 48.735 3.600 116.735
48.265 0.000 115.865 48.865 3.600 116.465
48.396 0.000 115.596 48.996 3.600 116.196
48.526 0.000 115.326 49.126 3.600 115.926
48.657 0.000 115.057 49.257 3.600 115.657
48.787 0.000 114.787 49.387 3.600 115.387
48.917 0.000 114.517 49.517 3.600 115.117
49.048 0.000 114.248 49.648 3.600 114.848
49.178 0.000 113.978 49.778 3.600 114.578
49.309 0.000 113.709 49.909 3.600 114.309
49.439 0.000 113.439 50.039 3.600 114.039
49.570 0.000 113.170 50.170 3.600 113.770
49.700 0.000 112.900 50.300 3.600 113.500
49.830 0.000 112.630 50.430 3.600 113.230
49.961 0.000 112.361 50.561 3.600 112.961
50.091 0.000 112.091 50.691 3.600 112.691
50.222 0.000 111.822 50.822 3.600 112.422
50.352 0.000 111.552 50.952 3.600 112.152
50.483 0.000 111.283 51.083 3.600 111.883
50.613 0.000 111.013 51.213 3.600 111.613
50.743 0.000 110.743 51.343 3.600 111.343
50.874 0.000 110.474 51.474 3.600 111.074
51.004 0.000 110.204 51.604 3.600 110.804
51.135 0.000 109.935 51.735 3.600 110.535
51.265 0.000 109.665 51.865 3.600 110.265
51.396 0.000 109.396 51.996 3.600 109.996
51.526 0.000 109.126 52.126 3.600 109.726
51.657 0.000 108.857 52.257 3.600 109.457
51.787 0.000 108.587 52.387 3.600 109.187
51.917 0.000 108.317 52.517 3.600 108.917
52.048 0.000 108.048 52.648 3.600 108.648
52.178 0.000 107.778 52.778 3.600 108.378
52.309 0.000 107.509 52.909 3.600 108.109
52.439 0.000 107.239 53.039 3.600 107.839
52.570 0.000 106.970 53.170 3.600 107.570
52.700 0.000 106.700 53.300 3.600 107.300
52.830 0.000 106.430 53.430 3.600 107.030
52.961 0.000 106.161 53.561 3.600 106.761
53.091 0.000 105.891 53.691 3.600 106.491
53.222 0.000 105.622 53.822 3.600 106.222
53.352 0.000 105.352 53.952 3.600 105.952
53.483 0.000 105.083 54.083 3.600 105.683
53.613 0.000 104.813 54.213 3.600 105.413
53.743 0.000 104.543 54.343 3.600 105.143
53.874 0.000 104.274 54.474 3.600 104.874
54.004 0.000 104.004 54.604 3.600 104.604
54.135 0.000 103.735 54.735 3.600 104.335
54.265 0.000 103.465 54.865 3.600 104.065
54.396 0.000 103.196 54.996 3.600 103.796
54.526 0.000 102.926 55.126 3.600 103.526
54.657 0.000 102.657 55.257 3.600 103.257
54.787 0.000 102.387 55.387 3.600 102.987
54.917 0.000 102.117 55.517 3.600 102.717
55.048 0.000 101.848 55.648 3.600 102.448
55.178 0.000 101.578 55.778 3.600 102.178
55.309 0.000 101.309 55.909 3.600 101.909
55.439 0.000 101.039 56.039 3.600 101.639
55.570 0.000 100.770 56.170 3.600 101.370
55.700 0.000 100.500 56.300 3.600 101.100
55.830 0.000 100.230 56.430 3.600 100.830
55.961 0.000 99.961 56.561 3.600 100.561
56.091 0.000 99.691 56.691 3.600 100.291
56.222 0.000 99.422 56.822 3.600 100.022
56.352 0.000 99.152 56.952 3.600 99.752
56.483 0.000 98.883 57.083 3.600 99.483
56.613 0.000 98.613 57.213 3.600 99.213
56.743 0.000 98.343 57.343 3.600 98.943
56.874 0.000 98.074 57.474 3.600 98.674
57.004 0.000 97.804 57.604 3.600 98.404
57.135 0.000 97.535 57.735 3.600 98.135
57.265 0.000 97.265 57.865 3.600 97.865
57.396 0.000 96.996 57.996 3.600 97.596
57.526 0.000 96.726 58.126 3.600 97.326
57.657 0.000 96.457 58.257 3.600 97.057
57.787 0.000 96.187 58.387 3.600 96.787
57.917 0.000 95.917 58.517 3.600 96.517
58.048 0.000 95.648 58.648 3.600 96.248
58.178 0.000 95.378 58.778 3.600 95.978
58.309 0.000 95.109 58.909 3.600 95.709
58.439 0.000 94.839 59.039 3.600 95.439
58.570 0.000 94.570 59.170 3.600 95.170
58.700 0.000 94.300 59.300 3.600 94.900
58.830 0.000 94.030 59.430 3.600 94.630
58.961 0.000 93.761 59.561 3.600 94.361
59.091 0.000 93.491 59.691 3.600 94.091
59.222 0.000 93.222 59.822 3.600 93.822
59.352 0.000 92.952 59.952 3.600 93.552
59.483 0.000 92.683 60.083 3.600 93.283
59.613 0.000 92.413 60.213 3.600 93.013
59.743 0.000 92.143 60.343 3.600 92.743
59.874 0.000 91.874 60.474 3.600 92.474
60.004 0.000 91.604 60.604 3.600 92.204
60.135 0.000 91.335 60.735 3.600 91.935
60.265 0.000 91.065 60.865 3.600 91.665
60.396 0.000 90.796 60.996 3.600 91.396
60.526 0.000 90.526 61.126 3.600 91.126
60.657 0.000 90.257 61.257 3.600 90.857
60.787 0.000 89.987 61.387 3.600 90.587
60.917 0.000 89.717 61.517 3.600 90.317
61.048 0.000 89.448 61.648 3.600 90.048
61.178 0.000 89.178 61.778 3.600 89.778
61.309 0.000 88.909 61.909 3.600 89.509
61.439 0.000 88.639 62.039 3.600 89.239
61.570 0.000 88.370 62.170 3.600 88.970
61.700 0.000 88.100 62.300 3.600 88.700
61.830 0.000 87.830 62.430 3.600 88.430
61.961 0.000 87.561 62.561 3.600 88.161
62.091 0.000 87.291 62.691 3.600 87.891
62.222 0.000 87.022 62.822 3.600 87.622
62.352 0.000 86.752 62.952 3.600 87.352
62.483 0.000 86.483 63.083 3.600 87.083
62.613 0.000 86.213 63.213 3.600 86.813
62.743 0.000 85.943 63.343 3.600 86.543
62.874 0.000 85.674 63.474 3.600 86.274
63.004 0.000 85.404 63.604 3.600 86.004
63.135 0.000 85.135 63.735 3.600 85.735
63.265 0.000 84.865 63.865 3.600 85.465
63.396 0.000 84.596 63.996 3.600 85.196
63.526 0.000 84.326 64.126 3.600 84.926
63.657 0.000 84.057 64.257 3.600 84.657
63.787 0.000 83.787 64.387 3.600 84.387
63.917 0.000 83.517 64.517 3.600 84.117
64.048 0.000 83.248 64.648 3.600 83.848
64.178 0.000 82.978 64.778 3.600 83.578
64.309 0.000 82.709 64.909 3.600 83.309
64.439 0.000 82.439 65.039 3.600 83.039
64.570 0.000 82.170 65.170 3.600 82.770
64.700 0.000 81.900 65.300 3.600 82.500
64.830 0.000 81.630 65.430 3.600 82.230
64.961 0.000 81.361 65.561 3.600 81.961
65.091 0.000 81.091 65.691 3.600 81.691
65.222 0.000 80.822 65.822 3.600 81.422
65.352 0.000 80.552 65.952 3.600 81.152
65.483 0.000 80.283 66.083 3.600 80.883
65.613 0.000 80.013 66.213 3.600 80.613
65.743 0.000 79.743 66.343 3.600 80.343
65.874 0.000 79.474 66.474 3.600 80.074
66.004 0.000 79.204 66.604 3.600 79.804
66.135 0.000 78.935 66.735 3.600 79.535
66.265 0.000 78.665 66.865 3.600 79.265
66.396 0.000 78.396 66.996 3.600 78.996
66.526 0.000 78.126 67.126 3.600 78.726
66.657 0.000 77.857 67.257 3.600 78.457
66.787 0.000 77.587 67.387 3.600 78.187
66.917 0.000 77.317 67.517 3.600 77.917
67.048 0.000 77.048 67.648 3.600 77.648
67.178 0.000 76.778 67.778 3.600 77.378
67.309 0.000 76.509 67.909 3.600 77.109
67.439 0.000 76.239 68.039 3.600 76.839
67.570 0.000 75.970 68.170 3.600 76.570
67.700 0.000 75.700 68.300 3.600 76.300
64.700 0.000 77.700 65.300 3.600 78.300
64.979 0.000 77.808 65.579 3.600 78.408
65.259 0.000 77.916 65.859 3.600 78.516
65.538 0.000 78.024 66.138 3.600 78.624
65.817 0.000 78.132 66.417 3.600 78.732
66.096 0.000 78.241 66.696 3.600 78.841
66.376 0.000 78.349 66.976 3.600 78.949
66.655 0.000 78.457 67.255 3.600 79.057
66.934 0.000 78.565 67.534 3.600 79.165
67.214 0.000 78.673 67.814 3.600 79.273
67.493 0.000 78.781 68.093 3.600 79.381
67.772 0.000 78.889 68.372 3.600 79.489
68.051 0.000 78.997 68.651 3.600 79.597
68.331 0.000 79.105 68.931 3.600 79.705
68.610 0.000 79.214 69.210 3.600 79.814
68.889 0.000 79.322 69.489 3.600 79.922
69.168 0.000 79.430 69.768 3.600 80.030
69.448 0.000 79.538 70.048 3.600 80.138
69.727 0.000 79.646 70.327 3.600 80.246
70.006 0.000 79.754 70.606 3.600 80.354
70.286 0.000 79.862 70.886 3.600 80.462
70.565 0.000 79.970 71.165 3.600 80.570
70.844 0.000 80.078 71.444 3.600 80.678
71.123 0.000 80.186 71.723 3.600 80.786
71.403 0.000 80.295 72.003 3.600 80.895
71.682 0.000 80.403 72.282 3.600 81.003
71.961 0.000 80.511 72.561 3.600 81.111
72.241 0.000 80.619 72.841 3.600 81.219
72.520 0.000 80.727 73.120 3.600 81.327
72.799 0.000 80.835 73.399 3.600 81.435
73.078 0.000 80.943 73.678 3.600 81.543
73.358 0.000 81.051 73.958 3.600 81.651
73.637 0.000 81.159 74.237 3.600 81.759
73.916 0.000 81.268 74.516 3.600 81.868
74.195 0.000 81.376 74.795 3.600 81.976
74.475 0.000 81.484 75.075 3.600 82.084
74.754 0.000 81.592 75.354 3.600 82.192
75.033 0.000 81.700 75.633 3.600 82.300
75.313 0.000 81.808 75.913 3.600 82.408
75.592 0.000 81.916 76.192 3.600 82.516
75.871 0.000 82.024 76.471 3.600 82.624
76.150 0.000 82.132 76.750 3.600 82.732
76.430 0.000 82.241 77.030 3.600 82.841
76.709 0.000 82.349 77.309 3.600 82.949
76.988 0.000 82.457 77.588 3.600 83.057
77.268 0.000 82.565 77.868 3.600 83.165
77.547 0.000 82.673 78.147 3.600 83.273
77.826 0.000 82.781 78.426 3.600 83.381
78.105 0.000 82.889 78.705 3.600 83.489
78.385 0.000 82.997 78.985 3.600 83.597
78.664 0.000 83.105 79.264 3.600 83.705
78.943 0.000 83.214 79.543 3.600 83.814
79.223 0.000 83.322 79.823 3.600 83.922
79.502 0.000 83.430 80.102 3.600 84.030
79.781 0.000 83.538 80.381 3.600 84.138
80.060 0.000 83.646 80.660 3.600 84.246
80.340 0.000 83.754 80.940 3.600 84.354
80.619 0.000 83.862 81.219 3.600 84.462
80.898 0.000 83.970 81.498 3.600 84.570
81.177 0.000 84.078 81.777 3.600 84.678
81.457 0.000 84.186 82.057 3.600 84.786
81.736 0.000 84.295 82.336 3.600 84.895
82.015 0.000 84.403 82.615 3.600 85.003
82.295 0.000 84.511 82.895 3.600 85.111
82.574 0.000 84.619 83.174 3.600 85.219
82.853 0.000 84.727 83.453 3.600 85.327
83.132 0.000 84.835 83.732 3.600 85.435
83.412 0.000 84.943 84.012 3.600 85.543
83.691 0.000 85.051 84.291 3.600 85.651
83.970 0.000 85.159 84.570 3.600 85.759
84.250 0.000 85.268 84.850 3.600 85.868
84.529 0.000 85.376 85.129 3.600 85.976
84.808 0.000 85.484 85.408 3.600 86.084
85.087 0.000 85.592 85.687 3.600 86.192
85.367 0.000 85.700 85.967 3.600 86.300
85.646 0.000 85.808 86.246 3.600 86.408
85.925 0.000 85.916 86.525 3.600 86.516
86.205 0.000 86.024 86.805 3.600 86.624
86.484 0.000 86.132 87.084 3.600 86.732
86.763 0.000 86.241 87.363 3.600 86.841
87.042 0.000 86.349 87.642 3.600 86.949
87.322 0.000 86.457 87.922 3.600 87.057
87.601 0.000 86.565 88.201 3.600 87.165
87.880 0.000 86.673 88.480 3.600 87.273
88.159 0.000 86.781 88.759 3.600 87.381
88.439 0.000 86.889 89.039 3.600 87.489
88.718 0.000 86.997 89.318 3.600 87.597
88.997 0.000 87.105 89.597 3.600 87.705
89.277 0.000 87.214 89.877 3.600 87.814
89.556 0.000 87.322 90.156 3.600 87.922
89.835 0.000 87.430 90.435 3.600 88.030
90.114 0.000 87.538 90.714 3.600 88.138
90.394 0.000 87.646 90.994 3.600 88.246
90.673 0.000 87.754 91.273 3.600 88.354
90.952 0.000 87.862 91.552 3.600 88.462
91.232 0.000 87.970 91.832 3.600 88.570
91.511 0.000 88.078 92.111 3.600 88.678
91.790 0.000 88.186 92.390 3.600 88.786
92.069 0.000 88.295 92.669 3.600 88.895
92.349 0.000 88.403 92.949 3.600 89.003
92.628 0.000 88.511 93.228 3.600 89.111
92.907 0.000 88.619 93.507 3.600 89.219
93.186 0.000 88.727 93.786 3.600 89.327
93.466 0.000 88.835 94.066 3.600 89.435
93.745 0.000 88.943 94.345 3.600 89.543
94.024 0.000 89.051 94.624 3.600 89.651
94.304 0.000 89.159 94.904 3.600 89.759
94.583 0.000 89.268 95.183 3.600 89.868
94.862 0.000 89.376 95.462 3.600 89.976
95.141 0.000 89.484 95.741 3.600 90.084
95.421 0.000 89.592 96.021 3.600 90.192
95.700 0.000 89.700 96.300 3.600 90.300
95.700 0.000 89.700 96.300 3.600 90.300
95.421 0.000 89.808 96.021 3.600 90.408
95.141 0.000 89.916 95.741 3.600 90.516
94.862 0.000 90.024 95.462 3.600 90.624
94.583 0.000 90.132 95.183 3.600 90.732
94.304 0.000 90.241 94.904 3.600 90.841
94.024 0.000 90.349 94.624 3.600 90.949
93.745 0.000 90.457 94.345 3.600 91.057
93.466 0.000 90.565 94.066 3.600 91.165
93.186 0.000 90.673 93.786 3.600 91.273
92.907 0.000 90.781 93.507 3.600 91.381
92.628 0.000 90.889 93.228 3.600 91.489
92.349 0.000 90.997 92.949 3.600 91.597
92.069 0.000 91.105 92.669 3.600 91.705
91.790 0.000 91.214 92.390 3.600 91.814
91.511 0.000 91.322 92.111 3.600 91.922
91.232 0.000 91.430 91.832 3.600 92.030
90.952 0.000 91.538 91.552 3.600 92.138
90.673 0.000 91.646 91.273 3.600 92.246
90.394 0.000 91.754 90.994 3.600 92.354
90.114 0.000 91.862 90.714 3.600 92.462
89.835 0.000 91.970 90.435 3.600 92.570
89.556 0.000 92.078 90.156 3.600 92.678
89.277 0.000 92.186 89.877 3.600 92.786
88.997 0.000 92.295 89.597 3.600 92.895
88.718 0.000 92.403 89.318 3.600 93.003
88.439 0.000 92.511 89.039 3.600 93.111
88.159 0.000 92.619 88.759 3.600 93.219
87.880 0.000 92.727 88.480 3.600 93.327
87.601 0.000 92.835 88.201 3.600 93.435
87.322 0.000 92.943 87.922 3.600 93.543
87.042 0.000 93.051 87.642 3.600 93.651
86.763 0.000 93.159 87.363 3.600 93.759
86.484 0.000 93.268 87.084 3.600 93.868
86.205 0.000 93.376 86.805 3.600 93.976
85.925 0.000 93.484 86.525 3.600 94.084
85.646 0.000 93.592 86.246 3.600 94.192
85.367 0.000 93.700 85.967 3.600 94.300
85.087 0.000 93.808 85.687 3.600 94.408
84.808 0.000 93.916 85.408 3.600 94.516
84.529 0.000 94.024 85.129 3.600 94.624
84.250 0.000 94.132 84.850 3.600 94.732
83.970 0.000 94.241 84.570 3.600 94.841
83.691 0.000 94.349 84.291 3.600 94.949
83.412 0.000 94.457 84.012 3.600 95.057
83.132 0.000 94.565 83.732 3.600 95.165
82.853 0.000 94.673 83.453 3.600 95.273
82.574 0.000 94.781 83.174 3.600 95.381
82.295 0.000 94.889 82.895 3.600 95.489
82.015 0.000 94.997 82.615 3.600 95.597
81.736 0.000 95.105 82.336 3.600 95.705
81.457 0.000 95.214 82.057 3.600 95.814
81.177 0.000 95.322 81.777 3.600 95.922
80.898 0.000 95.430 81.498 3.600 96.030
80.619 0.000 95.538 81.219 3.600 96.138
80.340 0.000 95.646 80.940 3.600 96.246
80.060 0.000 95.754 80.660 3.600 96.354
79.781 0.000 95.862 80.381 3.600 96.462
79.502 0.000 95.970 80.102 3.600 96.570
79.223 0.000 96.078 79.823 3.600 96.678
78.943 0.000 96.186 79.543 3.600 96.786
78.664 0.000 96.295 79.264 3.600 96.895
78.385 0.000 96.403 78.985 3.600 97.003
78.105 0.000 96.511 78.705 3.600 97.111
77.826 0.000 96.619 78.426 3.600 97.219
77.547 0.000 96.727 78.147 3.600 97.327
77.268 0.000 96.835 77.868 3.600 97.435
76.988 0.000 96.943 77.588 3.600 97.543
76.709 0.000 97.051 77.309 3.600 97.651
76.430 0.000 97.159 77.030 3.600 97.759
76.150 0.000 97.268 76.750 3.600 97.868
75.871 0.000 97.376 76.471 3.600 97.976
75.592 0.000 97.484 76.192 3.600 98.084
75.313 0.000 97.592 75.913 3.600 98.192
75.033 0.000 97.700 75.633 3.600 98.300
74.754 0.000 97.808 75.354 3.600 98.408
74.475 0.000 97.916 75.075 3.600 98.516
74.195 0.000 98.024 74.795 3.600 98.624
73.916 0.000 98.132 74.516 3.600 98.732
73.637 0.000 98.241 74.237 3.600 98.841
73.358 0.000 98.349 73.958 3.600 98.949
73.078 0.000 98.457 73.678 3.600 99.057
72.799 0.000 98.565 73.399 3.600 99.165
72.520 0.000 98.673 73.120 3.600 99.273
72.241 0.000 98.781 72.841 3.600 99.381
71.961 0.000 98.889 72.561 3.600 99.489
71.682 0.000 98.997 72.282 3.600 99.597
71.403 0.000 99.105 72.003 3.600 99.705
71.123 0.000 99.214 71.723 3.600 99.814
70.844 0.000 99.322 71.444 3.600 99.922
70.565 0.000 99.430 71.165 3.600 100.030
70.286 0.000 99.538 70.886 3.600 100.138
70.006 0.000 99.646 70.606 3.600 100.246
69.727 0.000 99.754 70.327 3.600 100.354
69.448 0.000 99.862 70.048 3.600 100.462
69.168 0.000 99.970 69.768 3.600 100.570
68.889 0.000 100.078 69.489 3.600 100.678
68.610 0.000 100.186 69.210 3.600 100.786
68.331 0.000 100.295 68.931 3.600 100.895
68.051 0.000 100.403 68.651 3.600 101.003
67.772 0.000 100.511 68.372 3.600 101.111
67.493 0.000 100.619 68.093 3.600 101.219
67.214 0.000 100.727 67.814 3.600 101.327
66.934 0.000 100.835 67.534 3.600 101.435
66.655 0.000 100.943 67.255 3.600 101.543
66.376 0.000 101.051 66.976 3.600 101.651
66.096 0.000 101.159 66.696 3.600 101.759
65.817 0.000 101.268 66.417 3.600 101.868
65.538 0.000 101.376 66.138 3.600 101.976
65.259 0.000 101.484 65.859 3.600 102.084
64.979 0.000 101.592 65.579 3.600 102.192
64.700 0.000 101.700 65.300 3.600 102.300
69.700 0.000 83.700 70.300 3.600 84.300
69.986 0.000 83.786 70.586 3.600 84.386
70.271 0.000 83.871 70.871 3.600 84.471
70.557 0.000 83.957 71.157 3.600 84.557
70.843 0.000 84.043 71.443 3.600 84.643
71.129 0.000 84.129 71.729 3.600 84.729
71.414 0.000 84.214 72.014 3.600 84.814
71.700 0.000 84.300 72.300 3.600 84.900
71.986 0.000 84.386 72.586 3.600 84.986
72.271 0.000 84.471 72.871 3.600 85.071
72.557 0.000 84.557 73.157 3.600 85.157
72.843 0.000 84.643 73.443 3.600 85.243
73.129 0.000 84.729 73.729 3.600 85.329
73.414 0.000 84.814 74.014 3.600 85.414
73.700 0.000 84.900 74.300 3.600 85.500
73.986 0.000 84.986 74.586 3.600 85.586
74.271 0.000 85.071 74.871 3.600 85.671
74.557 0.000 85.157 75.157 3.600 85.757
74.843 0.000 85.243 75.443 3.600 85.843
75.129 0.000 85.329 75.729 3.600 85.929
75.414 0.000 85.414 76.014 3.600 86.014
75.700 0.000 85.500 76.300 3.600 86.100
75.986 0.000 85.586 76.586 3.600 86.186
76.271 0.000 85.671 76.871 3.600 86.271
76.557 0.000 85.757 77.157 3.600 86.357
76.843 0.000 85.843 77.443 3.600 86.443
77.129 0.000 85.929 77.729 3.600 86.529
77.414 0.000 86.014 78.014 3.600 86.614
77.700 0.000 86.100 78.300 3.600 86.700
77.986 0.000 86.186 78.586 3.600 86.786
78.271 0.000 86.271 78.871 3.600 86.871
78.557 0.000 86.357 79.157 3.600 86.957
78.843 0.000 86.443 79.443 3.600 87.043
79.129 0.000 86.529 79.729 3.600 87.129
79.414 0.000 86.614 80.014 3.600 87.214
79.700 0.000 86.700 80.300 3.600 87.300
79.986 0.000 86.786 80.586 3.600 87.386
80.271 0.000 86.871 80.871 3.600 87.471
80.557 0.000 86.957 81.157 3.600 87.557
80.843 0.000 87.043 81.443 3.600 87.643
81.129 0.000 87.129 81.729 3.600 87.729
81.414 0.000 87.214 82.014 3.600 87.814
81.700 0.000 87.300 82.300 3.600 87.900
81.986 0.000 87.386 82.586 3.600 87.986
82.271 0.000 87.471 82.871 3.600 88.071
82.557 0.000 87.557 83.157 3.600 88.157
82.843 0.000 87.643 83.443 3.600 88.243
83.129 0.000 87.729 83.729 3.600 88.329
83.414 0.000 87.814 84.014 3.600 88.414
83.700 0.000 87.900 84.300 3.600 88.500
83.986 0.000 87.986 84.586 3.600 88.586
84.271 0.000 88.071 84.871 3.600 88.671
84.557 0.000 88.157 85.157 3.600 88.757
84.843 0.000 88.243 85.443 3.600 88.843
85.129 0.000 88.329 85.729 3.600 88.929
85.414 0.000 88.414 86.014 3.600 89.014
85.700 0.000 88.500 86.300 3.600 89.100
85.986 0.000 88.586 86.586 3.600 89.186
86.271 0.000 88.671 86.871 3.600 89.271
86.557 0.000 88.757 87.157 3.600 89.357
86.843 0.000 88.843 87.443 3.600 89.443
87.129 0.000 88.929 87.729 3.600 89.529
87.414 0.000 89.014 88.014 3.600 89.614
87.700 0.000 89.100 88.300 3.600 89.700
87.986 0.000 89.186 88.586 3.600 89.786
88.271 0.000 89.271 88.871 3.600 89.871
88.557 0.000 89.357 89.157 3.600 89.957
88.843 0.000 89.443 89.443 3.600 90.043
89.129 0.000 89.529 89.729 3.600 90.129
89.414 0.000 89.614 90.014 3.600 90.214
89.700 0.000 89.700 90.300 3.600 90.300
89.700 0.000 89.700 90.300 3.600 90.300
89.414 0.000 89.786 90.014 3.600 90.386
89.129 0.000 89.871 89.729 3.600 90.471
88.843 0.000 89.957 89.443 3.600 90.557
88.557 0.000 90.043 89.157 3.600 90.643
88.271 0.000 90.129 88.871 3.600 90.729
87.986 0.000 90.214 88.586 3.600 90.814
87.700 0.000 90.300 88.300 3.600 90.900
87.414 0.000 90.386 88.014 3.600 90.986
87.129 0.000 90.471 87.729 3.600 91.071
86.843 0.000 90.557 87.443 3.600 91.157
86.557 0.000 90.643 87.157 3.600 91.243
86.271 0.000 90.729 86.871 3.600 91.329
85.986 0.000 90.814 86.586 3.600 91.414
85.700 0.000 90.900 86.300 3.600 91.500
85.414 0.000 90.986 86.014 3.600 91.586
85.129 0.000 91.071 85.729 3.600 91.671
84.843 0.000 91.157 85.443 3.600 91.757
84.557 0.000 91.243 85.157 3.600 91.843
84.271 0.000 91.329 84.871 3.600 91.929
83.986 0.000 91.414 84.586 3.600 92.014
83.700 0.000 91.500 84.300 3.600 92.100
83.414 0.000 91.586 84.014 3.600 92.186
83.129 0.000 91.671 83.729 3.600 92.271
82.843 0.000 91.757 83.443 3.600 92.357
82.557 0.000 91.843 83.157 3.600 92.443
82.271 0.000 91.929 82.871 3.600 92.529
81.986 0.000 92.014 82.586 3.600 92.614
81.700 0.000 92.100 82.300 3.600 92.700
81.414 0.000 92.186 82.014 3.600 92.786
81.129 0.000 92.271 81.729 3.600 92.871
80.843 0.000 92.357 81.443 3.600 92.957
80.557 0.000 92.443 81.157 3.600 93.043
80.271 0.000 92.529 80.871 3.600 93.129
79.986 0.000 92.614 80.586 3.600 93.214
79.700 0.000 92.700 80.300 3.600 93.300
79.414 0.000 92.786 80.014 3.600 93.386
79.129 0.000 92.871 79.729 3.600 93.471
78.843 0.000 92.957 79.443 3.600 93.557
78.557 0.000 93.043 79.157 3.600 93.643
78.271 0.000 93.129 78.871 3.600 93.729
77.986 0.000 93.214 78.586 3.600 93.814
77.700 0.000 93.300 78.300 3.600 93.900
77.414 0.000 93.386 78.014 3.600 93.986
77.129 0.000 93.471 77.729 3.600 94.071
76.843 0.000 93.557 77.443 3.600 94.157
76.557 0.000 93.643 77.157 3.600 94.243
76.271 0.000 93.729 76.871 3.600 94.329
75.986 0.000 93.814 76.586 3.600 94.414
75.700 0.000 93.900 76.300 3.600 94.500
75.414 0.000 93.986 76.014 3.600 94.586
75.129 0.000 94.071 75.729 3.600 94.671
74.843 0.000 94.157 75.443 3.600 94.757
74.557 0.000 94.243 75.157 3.600 94.843
74.271 0.000 94.329 74.871 3.600 94.929
73.986 0.000 94.414 74.586 3.600 95.014
73.700 0.000 94.500 74.300 3.600 95.100
73.414 0.000 94.586 74.014 3.600 95.186
73.129 0.000 94.671 73.729 3.600 95.271
72.843 0.000 94.757 73.443 3.600 95.357
72.557 0.000 94.843 73.157 3.600 95.443
72.271 0.000 94.929 72.871 3.600 95.529
71.986 0.000 95.014 72.586 3.600 95.614
71.700 0.000 95.100 72.300 3.600 95.700
71.414 0.000 95.186 72.014 3.600 95.786
71.129 0.000 95.271 71.729 3.600 95.871
70.843 0.000 95.357 71.443 3.600 95.957
70.557 0.000 95.443 71.157 3.600 96.043
70.271 0.000 95.529 70.871 3.600 96.129
69.986 0.000 95.614 70.586 3.600 96.214
69.700 0.000 95.700 70.300 3.600 96.300
69.700 0.000 101.700 70.300 3.600 102.300
69.700 0.000 101.994 70.300 3.600 102.594
69.700 0.000 102.288 70.300 3.600 102.888
69.700 0.000 102.582 70.300 3.600 103.182
69.700 0.000 102.876 70.300 3.600 103.476
69.700 0.000 103.171 70.300 3.600 103.771
69.700 0.000 103.465 70.300 3.600 104.065
69.700 0.000 103.759 70.300 3.600 104.359
69.700 0.000 104.053 70.300 3.600 104.653
69.700 0.000 104.347 70.300 3.600 104.947
69.700 0.000 104.641 70.300 3.600 105.241
69.700 0.000 104.935 70.300 3.600 105.535
69.700 0.000 105.229 70.300 3.600 105.829
69.700 0.000 105.524 70.300 3.600 106.124
69.700 0.000 105.818 70.300 3.600 106.418
69.700 0.000 106.112 70.300 3.600 106.712
69.700 0.000 106.406 70.300 3.600 107.006
69.700 0.000 106.700 70.300 3.600 107.300
69.700 0.000 106.994 70.300 3.600 107.594
69.700 0.000 107.288 70.300 3.600 107.888
69.700 0.000 107.582 70.300 3.600 108.182
69.700 0.000 107.876 70.300 3.600 108.476
69.700 0.000 108.171 70.300 3.600 108.771
69.700 0.000 108.465 70.300 3.600 109.065
69.700 0.000 108.759 70.300 3.600 109.359
69.700 0.000 109.053 70.300 3.600 109.653
69.700 0.000 109.347 70.300 3.600 109.947
69.700 0.000 109.641 70.300 3.600 110.241
69.700 0.000 109.935 70.300 3.600 110.535
69.700 0.000 110.229 70.300 3.600 110.829
69.700 0.000 110.524 70.300 3.600 111.124
69.700 0.000 110.818 70.300 3.600 111.418
69.700 0.000 111.112 70.300 3.600 111.712
69.700 0.000 111.406 70.300 3.600 112.006
69.700 0.000 111.700 70.300 3.600 112.300
69.700 0.000 111.700 70.300 3.600 112.300
70.000 0.000 111.700 70.600 3.600 112.300
70.300 0.000 111.700 70.900 3.600 112.300
70.600 0.000 111.700 71.200 3.600 112.300
70.900 0.000 111.700 71.500 3.600 112.300
71.200 0.000 111.700 71.800 3.600 112.300
71.500 0.000 111.700 72.100 3.600 112.300
71.800 0.000 111.700 72.400 3.600 112.300
72.100 0.000 111.700 72.700 3.600 112.300
72.400 0.000 111.700 73.000 3.600 112.300
72.700 0.000 111.700 73.300 3.600 112.300
73.000 0.000 111.700 73.600 3.600 112.300
73.300 0.000 111.700 73.900 3.600 112.300
73.600 0.000 111.700 74.200 3.600 112.300
73.900 0.000 111.700 74.500 3.600 112.300
74.200 0.000 111.700 74.800 3.600 112.300
74.500 0.000 111.700 75.100 3.600 112.300
74.800 0.000 111.700 75.400 3.600 112.300
75.100 0.000 111.700 75.700 3.600 112.300
75.400 0.000 111.700 76.000 3.600 112.300
75.700 0.000 111.700 76.300 3.600 112.300
76.000 0.000 111.700 76.600 3.600 112.300
76.300 0.000 111.700 76.900 3.600 112.300
76.600 0.000 111.700 77.200 3.600 112.300
76.900 0.000 111.700 77.500 3.600 112.300
77.200 0.000 111.700 77.800 3.600 112.300
77.500 0.000 111.700 78.100 3.600 112.300
77.800 0.000 111.700 78.400 3.600 112.300
78.100 0.000 111.700 78.700 3.600 112.300
78.400 0.000 111.700 79.000 3.600 112.300
78.700 0.000 111.700 79.300 3.600 112.300
79.000 0.000 111.700 79.600 3.600 112.300
79.300 0.000 111.700 79.900 3.600 112.300
79.600 0.000 111.700 80.200 3.600 112.300
79.900 0.000 111.700 80.500 3.600 112.300
80.200 0.000 111.700 80.800 3.600 112.300
80.500 0.000 111.700 81.100 3.600 112.300
80.800 0.000 111.700 81.400 3.600 112.300
81.100 0.000 111.700 81.700 3.600 112.300
81.400 0.000 111.700 82.000 3.600 112.300
81.700 0.000 111.700 82.300 3.600 112.300
81.700 0.000 111.700 82.300 3.600 112.300
81.700 0.000 111.994 82.300 3.600 112.594
81.700 0.000 112.288 82.300 3.600 112.888
81.700 0.000 112.582 82.300 3.600 113.182
81.700 0.000 112.876 82.300 3.600 113.476
81.700 0.000 113.171 82.300 3.600 113.771
81.700 0.000 113.465 82.300 3.600 114.065
81.700 0.000 113.759 82.300 3.600 114.359
81.700 0.000 114.053 82.300 3.600 114.653
81.700 0.000 114.347 82.300 3.600 114.947
81.700 0.000 114.641 82.300 3.600 115.241
81.700 0.000 114.935 82.300 3.600 115.535
81.700 0.000 115.229 82.300 3.600 115.829
81.700 0.000 115.524 82.300 3.600 116.124
81.700 0.000 115.818 82.300 3.600 116.418
81.700 0.000 116.112 82.300 3.600 116.712
81.700 0.000 116.406 82.300 3.600 117.006
81.700 0.000 116.700 82.300 3.600 117.300
81.700 0.000 116.994 82.300 3.600 117.594
81.700 0.000 117.288 82.300 3.600 117.888
81.700 0.000 117.582 82.300 3.600 118.182
81.700 0.000 117.876 82.300 3.600 118.476
81.700 0.000 118.171 82.300 3.600 118.771
81.700 0.000 118.465 82.300 3.600 119.065
81.700 0.000 118.759 82.300 3.600 119.359
81.700 0.000 119.053 82.300 3.600 119.653
81.700 0.000 119.347 82.300 3.600 119.947
81.700 0.000 119.641 82.300 3.600 120.241
81.700 0.000 119.935 82.300 3.600 120.535
81.700 0.000 120.229 82.300 3.600 120.829
81.700 0.000 120.524 82.300 3.600 121.124
81.700 0.000 120.818 82.300 3.600 121.418
81.700 0.000 121.112 82.300 3.600 121.712
81.700 0.000 121.406 82.300 3.600 122.006
81.700 0.000 121.700 82.300 3.600 122.300
81.700 0.000 121.700 82.300 3.600 122.300
81.400 0.000 121.700 82.000 3.600 122.300
81.100 0.000 121.700 81.700 3.600 122.300
80.800 0.000 121.700 81.400 3.600 122.300
80.500 0.000 121.700 81.100 3.600 122.300
80.200 0.000 121.700 80.800 3.600 122.300
79.900 0.000 121.700 80.500 3.600 122.300
79.600 0.000 121.700 80.200 3.600 122.300
79.300 0.000 121.700 79.900 3.600 122.300
79.000 0.000 121.700 79.600 3.600 122.300
78.700 0.000 121.700 79.300 3.600 122.300
78.400 0.000 121.700 79.000 3.600 122.300
78.100 0.000 121.700 78.700 3.600 122.300
77.800 0.000 121.700 78.400 3.600 122.300
77.500 0.000 121.700 78.100 3.600 122.300
77.200 0.000 121.700 77.800 3.600 122.300
76.900 0.000 121.700 77.500 3.600 122.300
76.600 0.000 121.700 77.200 3.600 122.300
76.300 0.000 121.700 76.900 3.600 122.300
76.000 0.000 121.700 76.600 3.600 122.300
75.700 0.000 121.700 76.300 3.600 122.300
75.700 0.000 121.700 76.300 3.600 122.300
75.700 0.000 121.998 76.300 3.600 122.598
75.700 0.000 122.296 76.300 3.600 122.896
75.700 0.000 122.594 76.300 3.600 123.194
75.700 0.000 122.891 76.300 3.600 123.491
75.700 0.000 123.189 76.300 3.600 123.789
75.700 0.000 123.487 76.300 3.600 124.087
75.700 0.000 123.785 76.300 3.600 124.385
75.700 0.000 124.083 76.300 3.600 124.683
75.700 0.000 124.381 76.300 3.600 124.981
75.700 0.000 124.679 76.300 3.600 125.279
75.700 0.000 124.977 76.300 3.600 125.577
75.700 0.000 125.274 76.300 3.600 125.874
75.700 0.000 125.572 76.300 3.600 126.172
75.700 0.000 125.870 76.300 3.600 126.470
75.700 0.000 126.168 76.300 3.600 126.768
75.700 0.000 126.466 76.300 3.600 127.066
75.700 0.000 126.764 76.300 3.600 127.364
75.700 0.000 127.062 76.300 3.600 127.662
75.700 0.000 127.360 76.300 3.600 127.960
75.700 0.000 127.657 76.300 3.600 128.257
75.700 0.000 127.955 76.300 3.600 128.555
75.700 0.000 128.253 76.300 3.600 128.853
75.700 0.000 128.551 76.300 3.600 129.151
75.700 0.000 128.849 76.300 3.600 129.449
75.700 0.000 129.147 76.300 3.600 129.747
75.700 0.000 129.445 76.300 3.600 130.045
75.700 0.000 129.743 76.300 3.600 130.343
75.700 0.000 130.040 76.300 3.600 130.640
75.700 0.000 130.338 76.300 3.600 130.938
75.700 0.000 130.636 76.300 3.600 131.236
75.700 0.000 130.934 76.300 3.600 131.534
75.700 0.000 131.232 76.300 3.600 131.832
75.700 0.000 131.530 76.300 3.600 132.130
75.700 0.000 131.828 76.300 3.600 132.428
75.700 0.000 132.126 76.300 3.600 132.726
75.700 0.000 132.423 76.300 3.600 133.023
75.700 0.000 132.721 76.300 3.600 133.321
75.700 0.000 133.019 76.300 3.600 133.619
75.700 0.000 133.317 76.300 3.600 133.917
75.700 0.000 133.615 76.300 3.600 134.215
75.700 0.000 133.913 76.300 3.600 134.513
75.700 0.000 134.211 76.300 3.600 134.811
75.700 0.000 134.509 76.300 3.600 135.109
75.700 0.000 134.806 76.300 3.600 135.406
75.700 0.000 135.104 76.300 3.600 135.704
75.700 0.000 135.402 76.300 3.600 136.002
75.700 0.000 135.700 76.300 3.600 136.300
75.700 0.000 135.700 76.300 3.600 136.300
75.994 0.000 135.700 76.594 3.600 136.300
76.288 0.000 135.700 76.888 3.600 136.300
76.582 0.000 135.700 77.182 3.600 136.300
76.876 0.000 135.700 77.476 3.600 136.300
77.171 0.000 135.700 77.771 3.600 136.300
77.465 0.000 135.700 78.065 3.600 136.300
77.759 0.000 135.700 78.359 3.600 136.300
78.053 0.000 135.700 78.653 3.600 136.300
78.347 0.000 135.700 78.947 3.600 136.300
78.641 0.000 135.700 79.241 3.600 136.300
78.935 0.000 135.700 79.535 3.600 136.300
79.229 0.000 135.700 79.829 3.600 136.300
79.524 0.000 135.700 80.124 3.600 136.300
79.818 0.000 135.700 80.418 3.600 136.300
80.112 0.000 135.700 80.712 3.600 136.300
80.406 0.000 135.700 81.006 3.600 136.300
80.700 0.000 135.700 81.300 3.600 136.300
80.994 0.000 135.700 81.594 3.600 136.300
81.288 0.000 135.700 81.888 3.600 136.300
81.582 0.000 135.700 82.182 3.600 136.300
81.876 0.000 135.700 82.476 3.600 136.300
82.171 0.000 135.700 82.771 3.600 136.300
82.465 0.000 135.700 83.065 3.600 136.300
82.759 0.000 135.700 83.359 3.600 136.300
83.053 0.000 135.700 83.653 3.600 136.300
83.347 0.000 135.700 83.947 3.600 136.300
83.641 0.000 135.700 84.241 3.600 136.300
83.935 0.000 135.700 84.535 3.600 136.300
84.229 0.000 135.700 84.829 3.600 136.300
84.524 0.000 135.700 85.124 3.600 136.300
84.818 0.000 135.700 85.418 3.600 136.300
85.112 0.000 135.700 85.712 3.600 136.300
85.406 0.000 135.700 86.006 3.600 136.300
85.700 0.000 135.700 86.300 3.600 136.300
85.700 0.000 135.700 86.300 3.600 136.300
85.700 0.000 135.400 86.300 3.600 136.000
85.700 0.000 135.100 86.300 3.600 135.700
85.700 0.000 134.800 86.300 3.600 135.400
85.700 0.000 134.500 86.300 3.600 135.100
85.700 0.000 134.200 86.300 3.600 134.800
85.700 0.000 133.900 86.300 3.600 134.500
85.700 0.000 133.600 86.300 3.600 134.200
85.700 0.000 133.300 86.300 3.600 133.900
85.700 0.000 133.000 86.300 3.600 133.600
85.700 0.000 132.700 86.300 3.600 133.300
85.700 0.000 132.400 86.300 3.600 133.000
85.700 0.000 132.100 86.300 3.600 132.700
85.700 0.000 131.800 86.300 3.600 132.400
85.700 0.000 131.500 86.300 3.600 132.100
85.700 0.000 131.200 86.300 3.600 131.800
85.700 0.000 130.900 86.300 3.600 131.500
85.700 0.000 130.600 86.300 3.600 131.200
85.700 0.000 130.300 86.300 3.600 130.900
85.700 0.000 130.000 86.300 3.600 130.600
85.700 0.000 129.700 86.300 3.600 130.300
85.700 0.000 129.400 86.300 3.600 130.000
85.700 0.000 129.100 86.300 3.600 129.700
85.700 0.000 128.800 86.300 3.600 129.400
85.700 0.000 128.500 86.300 3.600 129.100
85.700 0.000 128.200 86.300 3.600 128.800
85.700 0.000 127.900 86.300 3.600 128.500
85.700 0.000 127.600 86.300 3.600 128.200
85.700 0.000 127.300 86.300 3.600 127.900
85.700 0.000 127.000 86.300 3.600 127.600
85.700 0.000 126.700 86.300 3.600 127.300
85.700 0.000 126.400 86.300 3.600 127.000
85.700 0.000 126.100 86.300 3.600 126.700
85.700 0.000 125.800 86.300 3.600 126.400
85.700 0.000 125.500 86.300 3.600 126.100
85.700 0.000 125.200 86.300 3.600 125.800
85.700 0.000 124.900 86.300 3.600 125.500
85.700 0.000 124.600 86.300 3.600 125.200
85.700 0.000 124.300 86.300 3.600 124.900
85.700 0.000 124.000 86.300 3.600 124.600
85.700 0.000 123.700 86.300 3.600 124.300
85.700 0.000 123.400 86.300 3.600 124.000
85.700 0.000 123.100 86.300 3.600 123.700
85.700 0.000 122.800 86.300 3.600 123.400
85.700 0.000 122.500 86.300 3.600 123.100
85.700 0.000 122.200 86.300 3.600 122.800
85.700 0.000 121.900 86.300 3.600 122.500
85.700 0.000 121.600 86.300 3.600 122.200
85.700 0.000 121.300 86.300 3.600 121.900
85.700 0.000 121.000 86.300 3.600 121.600
85.700 0.000 120.700 86.300 3.600 121.300
85.700 0.000 120.400 86.300 3.600 121.000
85.700 0.000 120.100 86.300 3.600 120.700
85.700 0.000 119.800 86.300 3.600 120.400
85.700 0.000 119.500 86.300 3.600 120.100
85.700 0.000 119.200 86.300 3.600 119.800
85.700 0.000 118.900 86.300 3.600 119.500
85.700 0.000 118.600 86.300 3.600 119.200
85.700 0.000 118.300 86.300 3.600 118.900
85.700 0.000 118.000 86.300 3.600 118.600
85.700 0.000 117.700 86.300 3.600 118.300
85.700 0.000 117.400 86.300 3.600 118.000
85.700 0.000 117.100 86.300 3.600 117.700
85.700 0.000 116.800 86.300 3.600 117.400
85.700 0.000 116.500 86.300 3.600 117.100
85.700 0.000 116.200 86.300 3.600 116.800
85.700 0.000 115.900 86.300 3.600 116.500
85.700 0.000 115.600 86.300 3.600 116.200
85.700 0.000 115.300 86.300 3.600 115.900
85.700 0.000 115.000 86.300 3.600 115.600
85.700 0.000 114.700 86.300 3.600 115.300
85.700 0.000 114.400 86.300 3.600 115.000
85.700 0.000 114.100 86.300 3.600 114.700
85.700 0.000 113.800 86.300 3.600 114.400
85.700 0.000 113.500 86.300 3.600 114.100
85.700 0.000 113.200 86.300 3.600 113.800
85.700 0.000 112.900 86.300 3.600 113.500
85.700 0.000 112.600 86.300 3.600 113.200
85.700 0.000 112.300 86.300 3.600 112.900
85.700 0.000 112.000 86.300 3.600 112.600
85.700 0.000 111.700 86.300 3.600 112.300
85.700 0.000 111.700 86.300 3.600 112.300
86.000 0.000 111.700 86.600 3.600 112.300
86.300 0.000 111.700 86.900 3.600 112.300
86.600 0.000 111.700 87.200 3.600 112.300
86.900 0.000 111.700 87.500 3.600 112.300
87.200 0.000 111.700 87.800 3.600 112.300
87.500 0.000 111.700 88.100 3.600 112.300
87.800 0.000 111.700 88.400 3.600 112.300
88.100 0.000 111.700 88.700 3.600 112.300
88.400 0.000 111.700 89.000 3.600 112.300
88.700 0.000 111.700 89.300 3.600 112.300
89.000 0.000 111.700 89.600 3.600 112.300
89.300 0.000 111.700 89.900 3.600 112.300
89.600 0.000 111.700 90.200 3.600 112.300
89.900 0.000 111.700 90.500 3.600 112.300
90.200 0.000 111.700 90.800 3.600 112.300
90.500 0.000 111.700 91.100 3.600 112.300
90.800 0.000 111.700 91.400 3.600 112.300
91.100 0.000 111.700 91.700 3.600 112.300
91.400 0.000 111.700 92.000 3.600 112.300
91.700 0.000 111.700 92.300 3.600 112.300
91.700 0.000 111.700 92.300 3.600 112.300
91.700 0.000 111.999 92.300 3.600 112.599
91.700 0.000 112.297 92.300 3.600 112.897
91.700 0.000 112.596 92.300 3.600 113.196
91.700 0.000 112.894 92.300 3.600 113.494
91.700 0.000 113.193 92.300 3.600 113.793
91.700 0.000 113.491 92.300 3.600 114.091
91.700 0.000 113.790 92.300 3.600 114.390
91.700 0.000 114.088 92.300 3.600 114.688
91.700 0.000 114.387 92.300 3.600 114.987
91.700 0.000 114.685 92.300 3.600 115.285
91.700 0.000 114.984 92.300 3.600 115.584
91.700 0.000 115.282 92.300 3.600 115.882
91.700 0.000 115.581 92.300 3.600 116.181
91.700 0.000 115.879 92.300 3.600 116.479
91.700 0.000 116.178 92.300 3.600 116.778
91.700 0.000 116.476 92.300 3.600 117.076
91.700 0.000 116.775 92.300 3.600 117.375
91.700 0.000 117.073 92.300 3.600 117.673
91.700 0.000 117.372 92.300 3.600 117.972
91.700 0.000 117.670 92.300 3.600 118.270
91.700 0.000 117.969 92.300 3.600 118.569
91.700 0.000 118.267 92.300 3.600 118.867
91.700 0.000 118.566 92.300 3.600 119.166
91.700 0.000 118.864 92.300 3.600 119.464
91.700 0.000 119.163 92.300 3.600 119.763
91.700 0.000 119.461 92.300 3.600 120.061
91.700 0.000 119.760 92.300 3.600 120.360
91.700 0.000 120.058 92.300 3.600 120.658
91.700 0.000 120.357 92.300 3.600 120.957
91.700 0.000 120.655 92.300 3.600 121.255
91.700 0.000 120.954 92.300 3.600 121.554
91.700 0.000 121.252 92.300 3.600 121.852
91.700 0.000 121.551 92.300 3.600 122.151
91.700 0.000 121.849 92.300 3.600 122.449
91.700 0.000 122.148 92.300 3.600 122.748
91.700 0.000 122.446 92.300 3.600 123.046
91.700 0.000 122.745 92.300 3.600 123.345
91.700 0.000 123.043 92.300 3.600 123.643
91.700 0.000 123.342 92.300 3.600 123.942
91.700 0.000 123.640 92.300 3.600 124.240
91.700 0.000 123.939 92.300 3.600 124.539
91.700 0.000 124.237 92.300 3.600 124.837
91.700 0.000 124.536 92.300 3.600 125.136
91.700 0.000 124.834 92.300 3.600 125.434
91.700 0.000 125.133 92.300 3.600 125.733
91.700 0.000 125.431 92.300 3.600 126.031
91.700 0.000 125.730 92.300 3.600 126.330
91.700 0.000 126.028 92.300 3.600 126.628
91.700 0.000 126.327 92.300 3.600 126.927
91.700 0.000 126.625 92.300 3.600 127.225
91.700 0.000 126.924 92.300 3.600 127.524
91.700 0.000 127.222 92.300 3.600 127.822
91.700 0.000 127.521 92.300 3.600 128.121
91.700 0.000 127.819 92.300 3.600 128.419
91.700 0.000 128.118 92.300 3.600 128.718
91.700 0.000 128.416 92.300 3.600 129.016
91.700 0.000 128.715 92.300 3.600 129.315
91.700 0.000 129.013 92.300 3.600 129.613
91.700 0.000 129.312 92.300 3.600 129.912
91.700 0.000 129.610 92.300 3.600 130.210
91.700 0.000 129.909 92.300 3.600 130.509
91.700 0.000 130.207 92.300 3.600 130.807
91.700 0.000 130.506 92.300 3.600 131.106
91.700 0.000 130.804 92.300 3.600 131.404
91.700 0.000 131.103 92.300 3.600 131.703
91.700 0.000 131.401 92.300 3.600 132.001
91.700 0.000 131.700 92.300 3.600 132.300
91.700 0.000 131.700 92.300 3.600 132.300
91.994 0.000 131.700 92.594 3.600 132.300
92.288 0.000 131.700 92.888 3.600 132.300
92.582 0.000 131.700 93.182 3.600 132.300
92.876 0.000 131.700 93.476 3.600 132.300
93.171 0.000 131.700 93.771 3.600 132.300
93.465 0.000 131.700 94.065 3.600 132.300
93.759 0.000 131.700 94.359 3.600 132.300
94.053 0.000 131.700 94.653 3.600 132.300
94.347 0.000 131.700 94.947 3.600 132.300
94.641 0.000 131.700 95.241 3.600 132.300
94.935 0.000 131.700 95.535 3.600 132.300
95.229 0.000 131.700 95.829 3.600 132.300
95.524 0.000 131.700 96.124 3.600 132.300
95.818 0.000 131.700 96.418 3.600 132.300
96.112 0.000 131.700 96.712 3.600 132.300
96.406 0.000 131.700 97.006 3.600 132.300
96.700 0.000 131.700 97.300 3.600 132.300
96.700 0.000 131.700 97.300 3.600 132.300
96.700 0.000 131.996 97.300 3.600 132.596
96.700 0.000 132.293 97.300 3.600 132.893
96.700 0.000 132.589 97.300 3.600 133.189
96.700 0.000 132.885 97.300 3.600 133.485
96.700 0.000 133.181 97.300 3.600 133.781
96.700 0.000 133.478 97.300 3.600 134.078
96.700 0.000 133.774 97.300 3.600 134.374
96.700 0.000 134.070 97.300 3.600 134.670
96.700 0.000 134.367 97.300 3.600 134.967
96.700 0.000 134.663 97.300 3.600 135.263
96.700 0.000 134.959 97.300 3.600 135.559
96.700 0.000 135.256 97.300 3.600 135.856
96.700 0.000 135.552 97.300 3.600 136.152
96.700 0.000 135.848 97.300 3.600 136.448
96.700 0.000 136.144 97.300 3.600 136.744
96.700 0.000 136.441 97.300 3.600 137.041
96.700 0.000 136.737 97.300 3.600 137.337
96.700 0.000 137.033 97.300 3.600 137.633
96.700 0.000 137.330 97.300 3.600 137.930
96.700 0.000 137.626 97.300 3.600 138.226
96.700 0.000 137.922 97.300 3.600 138.522
96.700 0.000 138.219 97.300 3.600 138.819
96.700 0.000 138.515 97.300 3.600 139.115
96.700 0.000 138.811 97.300 3.600 139.411
96.700 0.000 139.107 97.300 3.600 139.707
96.700 0.000 139.404 97.300 3.600 140.004
96.700 0.000 139.700 97.300 3.600 140.300
-0.300 0.000 129.700 0.300 3.600 130.300
0.000 0.000 129.700 0.600 3.600 130.300
0.300 0.000 129.700 0.900 3.600 130.300
0.600 0.000 129.700 1.200 3.600 130.300
0.900 0.000 129.700 1.500 3.600 130.300
1.200 0.000 129.700 1.800 3.600 130.300
1.500 0.000 129.700 2.100 3.600 130.300
1.800 0.000 129.700 2.400 3.600 130.300
2.100 0.000 129.700 2.700 3.600 130.300
2.400 0.000 129.700 3.000 3.600 130.300
2.700 0.000 129.700 3.300 3.600 130.300
3.000 0.000 129.700 3.600 3.600 130.300
3.300 0.000 129.700 3.900 3.600 130.300
3.600 0.000 129.700 4.200 3.600 130.300
3.900 0.000 129.700 4.500 3.600 130.300
4.200 0.000 129.700 4.800 3.600 130.300
4.500 0.000 129.700 5.100 3.600 130.300
4.800 0.000 129.700 5.400 3.600 130.300
5.100 0.000 129.700 5.700 3.600 130.300
5.400 0.000 129.700 6.000 3.600 130.300
5.700 0.000 129.700 6.300 3.600 130.300
6.000 0.000 129.700 6.600 3.600 130.300
6.300 0.000 129.700 6.900 3.600 130.300
6.600 0.000 129.700 7.200 3.600 130.300
6.900 0.000 129.700 7.500 3.600 130.300
7.200 0.000 129.700 7.800 3.600 130.300
7.500 0.000 129.700 8.100 3.600 130.300
7.800 0.000 129.700 8.400 3.600 130.300
8.100 0.000 129.700 8.700 3.600 130.300
8.400 0.000 129.700 9.000 3.600 130.300
8.700 0.000 129.700 9.300 3.600 130.300
9.000 0.000 129.700 9.600 3.600 130.300
9.300 0.000 129.700 9.900 3.600 130.300
9.600 0.000 129.700 10.200 3.600 130.300
9.900 0.000 129.700 10.500 3.600 130.300
10.200 0.000 129.700 10.800 3.600 130.300
10.500 0.000 129.700 11.100 3.600 130.300
10.800 0.000 129.700 11.400 3.600 130.300
11.100 0.000 129.700 11.700 3.600 130.300
11.400 0.000 129.700 12.000 3.600 130.300
11.700 0.000 129.700 12.300 3.600 130.300
11.700 0.000 129.700 12.300 3.600 130.300
11.700 0.000 129.994 12.300 3.600 130.594
11.700 0.000 130.288 12.300 3.600 130.888
11.700 0.000 130.582 12.300 3.600 131.182
11.700 0.000 130.876 12.300 3.600 131.476
11.700 0.000 131.171 12.300 3.600 131.771
11.700 0.000 131.465 12.300 3.600 132.065
11.700 0.000 131.759 12.300 3.600 132.359
11.700 0.000 132.053 12.300 3.600 132.653
11.700 0.000 132.347 12.300 3.600 132.947
11.700 0.000 132.641 12.300 3.600 133.241
11.700 0.000 132.935 12.300 3.600 133.535
11.700 0.000 133.229 12.300 3.600 133.829
11.700 0.000 133.524 12.300 3.600 134.124
11.700 0.000 133.818 12.300 3.600 134.418
11.700 0.000 134.112 12.300 3.600 134.712
11.700 0.000 134.406 12.300 3.600 135.006
11.700 0.000 134.700 12.300 3.600 135.300
11.700 0.000 134.994 12.300 3.600 135.594
11.700 0.000 135.288 12.300 3.600 135.888
11.700 0.000 135.582 12.300 3.600 136.182
11.700 0.000 135.876 12.300 3.600 136.476
11.700 0.000 136.171 12.300 3.600 136.771
11.700 0.000 136.465 12.300 3.600 137.065
11.700 0.000 136.759 12.300 3.600 137.359
11.700 0.000 137.053 12.300 3.600 137.653
11.700 0.000 137.347 12.300 3.600 137.947
11.700 0.000 137.641 12.300 3.600 138.241
11.700 0.000 137.935 12.300 3.600 138.535
11.700 0.000 138.229 12.300 3.600 138.829
11.700 0.000 138.524 12.300 3.600 139.124
11.700 0.000 138.818 12.300 3.600 139.418
11.700 0.000 139.112 12.300 3.600 139.712
11.700 0.000 139.406 12.300 3.600 140.006
11.700 0.000 139.700 12.300 3.600 140.300
15.700 0.000 117.700 16.300 3.600 118.300
15.994 0.000 117.700 16.594 3.600 118.300
16.288 0.000 117.700 16.888 3.600 118.300
16.582 0.000 117.700 17.182 3.600 118.300
16.876 0.000 117.700 17.476 3.600 118.300
17.171 0.000 117.700 17.771 3.600 118.300
17.465 0.000 117.700 18.065 3.600 118.300
17.759 0.000 117.700 18.359 3.600 118.300
18.053 0.000 117.700 18.653 3.600 118.300
18.347 0.000 117.700 18.947 3.600 118.300
18.641 0.000 117.700 19.241 3.600 118.300
18.935 0.000 117.700 19.535 3.600 118.300
19.229 0.000 117.700 19.829 3.600 118.300
19.524 0.000 117.700 20.124 3.600 118.300
19.818 0.000 117.700 20.418 3.600 118.300
20.112 0.000 117.700 20.712 3.600 118.300
20.406 0.000 117.700 21.006 3.600 118.300
20.700 0.000 117.700 21.300 3.600 118.300
20.994 0.000 117.700 21.594 3.600 118.300
21.288 0.000 117.700 21.888 3.600 118.300
21.582 0.000 117.700 22.182 3.600 118.300
21.876 0.000 117.700 22.476 3.600 118.300
22.171 0.000 117.700 22.771 3.600 118.300
22.465 0.000 117.700 23.065 3.600 118.300
22.759 0.000 117.700 23.359 3.600 118.300
23.053 0.000 117.700 23.653 3.600 118.300
23.347 0.000 117.700 23.947 3.600 118.300
23.641 0.000 117.700 24.241 3.600 118.300
23.935 0.000 117.700 24.535 3.600 118.300
24.229 0.000 117.700 24.829 3.600 118.300
24.524 0.000 117.700 25.124 3.600 118.300
24.818 0.000 117.700 25.418 3.600 118.300
25.112 0.000 117.700 25.712 3.600 118.300
25.406 0.000 117.700 26.006 3.600 118.300
25.700 0.000 117.700 26.300 3.600 118.300
25.700 0.000 117.700 26.300 3.600 118.300
25.700 0.000 117.996 26.300 3.600 118.596
25.700 0.000 118.293 26.300 3.600 118.893
25.700 0.000 118.589 26.300 3.600 119.189
25.700 0.000 118.885 26.300 3.600 119.485
25.700 0.000 119.181 26.300 3.600 119.781
25.700 0.000 119.478 26.300 3.600 120.078
25.700 0.000 119.774 26.300 3.600 120.374
25.700 0.000 120.070 26.300 3.600 120.670
25.700 0.000 120.367 26.300 3.600 120.967
25.700 0.000 120.663 26.300 3.600 121.263
25.700 0.000 120.959 26.300 3.600 121.559
25.700 0.000 121.256 26.300 3.600 121.856
25.700 0.000 121.552 26.300 3.600 122.152
25.700 0.000 121.848 26.300 3.600 122.448
25.700 0.000 122.144 26.300 3.600 122.744
25.700 0.000 122.441 26.300 3.600 123.041
25.700 0.000 122.737 26.300 3.600 123.337
25.700 0.000 123.033 26.300 3.600 123.633
25.700 0.000 123.330 26.300 3.600 123.930
25.700 0.000 123.626 26.300 3.600 124.226
25.700 0.000 123.922 26.300 3.600 124.522
25.700 0.000 124.219 26.300 3.600 124.819
25.700 0.000 124.515 26.300 3.600 125.115
25.700 0.000 124.811 26.300 3.600 125.411
25.700 0.000 125.107 26.300 3.600 125.707
25.700 0.000 125.404 26.300 3.600 126.004
25.700 0.000 125.700 26.300 3.600 126.300
25.700 0.000 125.996 26.300 3.600 126.596
25.700 0.000 126.293 26.300 3.600 126.893
25.700 0.000 126.589 26.300 3.600 127.189
25.700 0.000 126.885 26.300 3.600 127.485
25.700 0.000 127.181 26.300 3.600 127.781
25.700 0.000 127.478 26.300 3.600 128.078
25.700 0.000 127.774 26.300 3.600 128.374
25.700 0.000 128.070 26.300 3.600 128.670
25.700 0.000 128.367 26.300 3.600 128.967
25.700 0.000 128.663 26.300 3.600 129.263
25.700 0.000 128.959 26.300 3.600 129.559
25.700 0.000 129.256 26.300 3.600 129.856
25.700 0.000 129.552 26.300 3.600 130.152
25.700 0.000 129.848 26.300 3.600 130.448
25.700 0.000 130.144 26.300 3.600 130.744
25.700 0.000 130.441 26.300 3.600 131.041
25.700 0.000 130.737 26.300 3.600 131.337
25.700 0.000 131.033 26.300 3.600 131.633
25.700 0.000 131.330 26.300 3.600 131.930
25.700 0.000 131.626 26.300 3.600 132.226
25.700 0.000 131.922 26.300 3.600 132.522
25.700 0.000 132.219 26.300 3.600 132.819
25.700 0.000 132.515 26.300 3.600 133.115
25.700 0.000 132.811 26.300 3.600 133.411
25.700 0.000 133.107 26.300 3.600 133.707
25.700 0.000 133.404 26.300 3.600 134.004
25.700 0.000 133.700 26.300 3.600 134.300
25.700 0.000 133.700 26.300 3.600 134.300
25.400 0.000 133.700 26.000 3.600 134.300
25.100 0.000 133.700 25.700 3.600 134.300
24.800 0.000 133.700 25.400 3.600 134.300
24.500 0.000 133.700 25.100 3.600 134.300
24.200 0.000 133.700 24.800 3.600 134.300
23.900 0.000 133.700 24.500 3.600 134.300
23.600 0.000 133.700 24.200 3.600 134.300
23.300 0.000 133.700 23.900 3.600 134.300
23.000 0.000 133.700 23.600 3.600 134.300
22.700 0.000 133.700 23.300 3.600 134.300
22.400 0.000 133.700 23.000 3.600 134.300
22.100 0.000 133.700 22.700 3.600 134.300
21.800 0.000 133.700 22.400 3.600 134.300
21.500 0.000 133.700 22.100 3.600 134.300
21.200 0.000 133.700 21.800 3.600 134.300
20.900 0.000 133.700 21.500 3.600 134.300
20.600 0.000 133.700 21.200 3.600 134.300
20.300 0.000 133.700 20.900 3.600 134.300
20.000 0.000 133.700 20.600 3.600 134.300
19.700 0.000 133.700 20.300 3.600 134.300
19.700 0.000 133.700 20.300 3.600 134.300
19.700 0.000 133.400 20.300 3.600 134.000
19.700 0.000 133.100 20.300 3.600 133.700
19.700 0.000 132.800 20.300 3.600 133.400
19.700 0.000 132.500 20.300 3.600 133.100
19.700 0.000 132.200 20.300 3.600 132.800
19.700 0.000 131.900 20.300 3.600 132.500
19.700 0.000 131.600 20.300 3.600 132.200
19.700 0.000 131.300 20.300 3.600 131.900
19.700 0.000 131.000 20.300 3.600 131.600
19.700 0.000 130.700 20.300 3.600 131.300
19.700 0.000 130.400 20.300 3.600 131.000
19.700 0.000 130.100 20.300 3.600 130.700
19.700 0.000 129.800 20.300 3.600 130.400
19.700 0.000 129.500 20.300 3.600 130.100
19.700 0.000 129.200 20.300 3.600 129.800
19.700 0.000 128.900 20.300 3.600 129.500
19.700 0.000 128.600 20.300 3.600 129.200
19.700 0.000 128.300 20.300 3.600 128.900
19.700 0.000 128.000 20.300 3.600 128.600
19.700 0.000 127.700 20.300 3.600 128.300
29.700 0.000 81.700 30.300 3.600 82.300
29.700 0.000 81.999 30.300 3.600 82.599
29.700 0.000 82.299 30.300 3.600 82.899
29.700 0.000 82.598 30.300 3.600 83.198
29.700 0.000 82.898 30.300 3.600 83.498
29.700 0.000 83.197 30.300 3.600 83.797
29.700 0.000 83.496 30.300 3.600 84.096
29.700 0.000 83.796 30.300 3.600 84.396
29.700 0.000 84.095 30.300 3.600 84.695
29.700 0.000 84.395 30.300 3.600 84.995
29.700 0.000 84.694 30.300 3.600 85.294
29.700 0.000 84.993 30.300 3.600 85.593
29.700 0.000 85.293 30.300 3.600 85.893
29.700 0.000 85.592 30.300 3.600 86.192
29.700 0.000 85.892 30.300 3.600 86.492
29.700 0.000 86.191 30.300 3.600 86.791
29.700 0.000 86.490 30.300 3.600 87.090
29.700 0.000 86.790 30.300 3.600 87.390
29.700 0.000 87.089 30.300 3.600 87.689
29.700 0.000 87.389 30.300 3.600 87.989
29.700 0.000 87.688 30.300 3.600 88.288
29.700 0.000 87.987 30.300 3.600 88.587
29.700 0.000 88.287 30.300 3.600 88.887
29.700 0.000 88.586 30.300 3.600 89.186
29.700 0.000 88.886 30.300 3.600 89.486
29.700 0.000 89.185 30.300 3.600 89.785
29.700 0.000 89.484 30.300 3.600 90.084
29.700 0.000 89.784 30.300 3.600 90.384
29.700 0.000 90.083 30.300 3.600 90.683
29.700 0.000 90.383 30.300 3.600 90.983
29.700 0.000 90.682 30.300 3.600 91.282
29.700 0.000 90.981 30.300 3.600 91.581
29.700 0.000 91.281 30.300 3.600 91.881
29.700 0.000 91.580 30.300 3.600 92.180
29.700 0.000 91.880 30.300 3.600 92.480
29.700 0.000 92.179 30.300 3.600 92.779
29.700 0.000 92.478 30.300 3.600 93.078
29.700 0.000 92.778 30.300 3.600 93.378
29.700 0.000 93.077 30.300 3.600 93.677
29.700 0.000 93.377 30.300 3.600 93.977
29.700 0.000 93.676 30.300 3.600 94.276
29.700 0.000 93.975 30.300 3.600 94.575
29.700 0.000 94.275 30.300 3.600 94.875
29.700 0.000 94.574 30.300 3.600 95.174
29.700 0.000 94.874 30.300 3.600 95.474
29.700 0.000 95.173 30.300 3.600 95.773
29.700 0.000 95.472 30.300 3.600 96.072
29.700 0.000 95.772 30.300 3.600 96.372
29.700 0.000 96.071 30.300 3.600 96.671
29.700 0.000 96.371 30.300 3.600 96.971
29.700 0.000 96.670 30.300 3.600 97.270
29.700 0.000 96.969 30.300 3.600 97.569
29.700 0.000 97.269 30.300 3.600 97.869
29.700 0.000 97.568 30.300 3.600 98.168
29.700 0.000 97.868 30.300 3.600 98.468
29.700 0.000 98.167 30.300 3.600 98.767
29.700 0.000 98.466 30.300 3.600 99.066
29.700 0.000 98.766 30.300 3.600 99.366
29.700 0.000 99.065 30.300 3.600 99.665
29.700 0.000 99.365 30.300 3.600 99.965
29.700 0.000 99.664 30.300 3.600 100.264
29.700 0.000 99.963 30.300 3.600 100.563
29.700 0.000 100.263 30.300 3.600 100.863
29.700 0.000 100.562 30.300 3.600 101.162
29.700 0.000 100.862 30.300 3.600 101.462
29.700 0.000 101.161 30.300 3.600 101.761
29.700 0.000 101.460 30.300 3.600 102.060
29.700 0.000 101.760 30.300 3.600 102.360
29.700 0.000 102.059 30.300 3.600 102.659
29.700 0.000 102.359 30.300 3.600 102.959
29.700 0.000 102.658 30.300 3.600 103.258
29.700 0.000 102.957 30.300 3.600 103.557
29.700 0.000 103.257 30.300 3.600 103.857
29.700 0.000 103.556 30.300 3.600 104.156
29.700 0.000 103.856 30.300 3.600 104.456
29.700 0.000 104.155 30.300 3.600 104.755
29.700 0.000 104.454 30.300 3.600 105.054
29.700 0.000 104.754 30.300 3.600 105.354
29.700 0.000 105.053 30.300 3.600 105.653
29.700 0.000 105.353 30.300 3.600 105.953
29.700 0.000 105.652 30.300 3.600 106.252
29.700 0.000 105.951 30.300 3.600 106.551
29.700 0.000 106.251 30.300 3.600 106.851
29.700 0.000 106.550 30.300 3.600 107.150
29.700 0.000 106.850 30.300 3.600 107.450
29.700 0.000 107.149 30.300 3.600 107.749
29.700 0.000 107.449 30.300 3.600 108.049
29.700 0.000 107.748 30.300 3.600 108.348
29.700 0.000 108.047 30.300 3.600 108.647
29.700 0.000 108.347 30.300 3.600 108.947
29.700 0.000 108.646 30.300 3.600 109.246
29.700 0.000 108.946 30.300 3.600 109.546
29.700 0.000 109.245 30.300 3.600 109.845
29.700 0.000 109.544 30.300 3.600 110.144
29.700 0.000 109.844 30.300 3.600 110.444
29.700 0.000 110.143 30.300 3.600 110.743
29.700 0.000 110.443 30.300 3.600 111.043
29.700 0.000 110.742 30.300 3.600 111.342
29.700 0.000 111.041 30.300 3.600 111.641
29.700 0.000 111.341 30.300 3.600 111.941
29.700 0.000 111.640 30.300 3.600 112.240
29.700 0.000 111.940 30.300 3.600 112.540
29.700 0.000 112.239 30.300 3.600 112.839
29.700 0.000 112.538 30.300 3.600 113.138
29.700 0.000 112.838 30.300 3.600 113.438
29.700 0.000 113.137 30.300 3.600 113.737
29.700 0.000 113.437 30.300 3.600 114.037
29.700 0.000 113.736 30.300 3.600 114.336
29.700 0.000 114.035 30.300 3.600 114.635
29.700 0.000 114.335 30.300 3.600 114.935
29.700 0.000 114.634 30.300 3.600 115.234
29.700 0.000 114.934 30.300 3.600 115.534
29.700 0.000 115.233 30.300 3.600 115.833
29.700 0.000 115.532 30.300 3.600 116.132
29.700 0.000 115.832 30.300 3.600 116.432
29.700 0.000 116.131 30.300 3.600 116.731
29.700 0.000 116.431 30.300 3.600 117.031
29.700 0.000 116.730 30.300 3.600 117.330
29.700 0.000 117.029 30.300 3.600 117.629
29.700 0.000 117.329 30.300 3.600 117.929
29.700 0.000 117.628 30.300 3.600 118.228
29.700 0.000 117.928 30.300 3.600 118.528
29.700 0.000 118.227 30.300 3.600 118.827
29.700 0.000 118.526 30.300 3.600 119.126
29.700 0.000 118.826 30.300 3.600 119.426
29.700 0.000 119.125 30.300 3.600 119.725
29.700 0.000 119.425 30.300 3.600 120.025
29.700 0.000 119.724 30.300 3.600 120.324
29.700 0.000 120.023 30.300 3.600 120.623
29.700 0.000 120.323 30.300 3.600 120.923
29.700 0.000 120.622 30.300 3.600 121.222
29.700 0.000 120.922 30.300 3.600 121.522
29.700 0.000 121.221 30.300 3.600 121.821
29.700 0.000 121.520 30.300 3.600 122.120
29.700 0.000 121.820 30.300 3.600 122.420
29.700 0.000 122.119 30.300 3.600 122.719
29.700 0.000 122.419 30.300 3.600 123.019
29.700 0.000 122.718 30.300 3.600 123.318
29.700 0.000 123.017 30.300 3.600 123.617
29.700 0.000 123.317 30.300 3.600 123.917
29.700 0.000 123.616 30.300 3.600 124.216
29.700 0.000 123.916 30.300 3.600 124.516
29.700 0.000 124.215 30.300 3.600 124.815
29.700 0.000 124.514 30.300 3.600 125.114
29.700 0.000 124.814 30.300 3.600 125.414
29.700 0.000 125.113 30.300 3.600 125.713
29.700 0.000 125.413 30.300 3.600 126.013
29.700 0.000 125.712 30.300 3.600 126.312
29.700 0.000 126.011 30.300 3.600 126.611
29.700 0.000 126.311 30.300 3.600 126.911
29.700 0.000 126.610 30.300 3.600 127.210
29.700 0.000 126.910 30.300 3.600 127.510
29.700 0.000 127.209 30.300 3.600 127.809
29.700 0.000 127.508 30.300 3.600 128.108
29.700 0.000 127.808 30.300 3.600 128.408
29.700 0.000 128.107 30.300 3.600 128.707
29.700 0.000 128.407 30.300 3.600 129.007
29.700 0.000 128.706 30.300 3.600 129.306
29.700 0.000 129.005 30.300 3.600 129.605
29.700 0.000 129.305 30.300 3.600 129.905
29.700 0.000 129.604 30.300 3.600 130.204
29.700 0.000 129.904 30.300 3.600 130.504
29.700 0.000 130.203 30.300 3.600 130.803
29.700 0.000 130.502 30.300 3.600 131.102
29.700 0.000 130.802 30.300 3.600 131.402
29.700 0.000 131.101 30.300 3.600 131.701
29.700 0.000 131.401 30.300 3.600 132.001
29.700 0.000 131.700 30.300 3.600 132.300
33.700 0.000 87.700 34.300 3.600 88.300
34.000 0.000 87.700 34.600 3.600 88.300
34.300 0.000 87.700 34.900 3.600 88.300
34.600 0.000 87.700 35.200 3.600 88.300
34.900 0.000 87.700 35.500 3.600 88.300
35.200 0.000 87.700 35.800 3.600 88.300
35.500 0.000 87.700 36.100 3.600 88.300
35.800 0.000 87.700 36.400 3.600 88.300
36.100 0.000 87.700 36.700 3.600 88.300
36.400 0.000 87.700 37.000 3.600 88.300
36.700 0.000 87.700 37.300 3.600 88.300
37.000 0.000 87.700 37.600 3.600 88.300
37.300 0.000 87.700 37.900 3.600 88.300
37.600 0.000 87.700 38.200 3.600 88.300
37.900 0.000 87.700 38.500 3.600 88.300
38.200 0.000 87.700 38.800 3.600 88.300
38.500 0.000 87.700 39.100 3.600 88.300
38.800 0.000 87.700 39.400 3.600 88.300
39.100 0.000 87.700 39.700 3.600 88.300
39.400 0.000 87.700 40.000 3.600 88.300
39.700 0.000 87.700 40.300 3.600 88.300
40.000 0.000 87.700 40.600 3.600 88.300
40.300 0.000 87.700 40.900 3.600 88.300
40.600 0.000 87.700 41.200 3.600 88.300
40.900 0.000 87.700 41.500 3.600 88.300
41.200 0.000 87.700 41.800 3.600 88.300
41.500 0.000 87.700 42.100 3.600 88.300
41.800 0.000 87.700 42.400 3.600 88.300
42.100 0.000 87.700 42.700 3.600 88.300
42.400 0.000 87.700 43.000 3.600 88.300
42.700 0.000 87.700 43.300 3.600 88.300
43.000 0.000 87.700 43.600 3.600 88.300
43.300 0.000 87.700 43.900 3.600 88.300
43.600 0.000 87.700 44.200 3.600 88.300
43.900 0.000 87.700 44.500 3.600 88.300
44.200 0.000 87.700 44.800 3.600 88.300
44.500 0.000 87.700 45.100 3.600 88.300
44.800 0.000 87.700 45.400 3.600 88.300
45.100 0.000 87.700 45.700 3.600 88.300
45.400 0.000 87.700 46.000 3.600 88.300
45.700 0.000 87.700 46.300 3.600 88.300
45.700 0.000 87.700 46.300 3.600 88.300
45.700 0.000 88.000 46.300 3.600 88.600
45.700 0.000 88.300 46.300 3.600 88.900
45.700 0.000 88.600 46.300 3.600 89.200
45.700 0.000 88.900 46.300 3.600 89.500
45.700 0.000 89.200 46.300 3.600 89.800
45.700 0.000 89.500 46.300 3.600 90.100
45.700 0.000 89.800 46.300 3.600 90.400
45.700 0.000 90.100 46.300 3.600 90.700
45.700 0.000 90.400 46.300 3.600 91.000
45.700 0.000 90.700 46.300 3.600 91.300
45.700 0.000 91.000 46.300 3.600 91.600
45.700 0.000 91.300 46.300 3.600 91.900
45.700 0.000 91.600 46.300 3.600 92.200
45.700 0.000 91.900 46.300 3.600 92.500
45.700 0.000 92.200 46.300 3.600 92.800
45.700 0.000 92.500 46.300 3.600 93.100
45.700 0.000 92.800 46.300 3.600 93.400
45.700 0.000 93.100 46.300 3.600 93.700
45.700 0.000 93.400 46.300 3.600 94.000
45.700 0.000 93.700 46.300 3.600 94.300
45.700 0.000 93.700 46.300 3.600 94.300
45.400 0.000 93.700 46.000 3.600 94.300
45.100 0.000 93.700 45.700 3.600 94.300
44.800 0.000 93.700 45.400 3.600 94.300
44.500 0.000 93.700 45.100 3.600 94.300
44.200 0.000 93.700 44.800 3.600 94.300
43.900 0.000 93.700 44.500 3.600 94.300
43.600 0.000 93.700 44.200 3.600 94.300
43.300 0.000 93.700 43.900 3.600 94.300
43.000 0.000 93.700 43.600 3.600 94.300
42.700 0.000 93.700 43.300 3.600 94.300
42.400 0.000 93.700 43.000 3.600 94.300
42.100 0.000 93.700 42.700 3.600 94.300
41.800 0.000 93.700 42.400 3.600 94.300
41.500 0.000 93.700 42.100 3.600 94.300
41.200 0.000 93.700 41.800 3.600 94.300
40.900 0.000 93.700 41.500 3.600 94.300
40.600 0.000 93.700 41.200 3.600 94.300
40.300 0.000 93.700 40.900 3.600 94.300
40.000 0.000 93.700 40.600 3.600 94.300
39.700 0.000 93.700 40.300 3.600 94.300
39.700 0.000 93.700 40.300 3.600 94.300
39.700 0.000 93.994 40.300 3.600 94.594
39.700 0.000 94.288 40.300 3.600 94.888
39.700 0.000 94.582 40.300 3.600 95.182
39.700 0.000 94.876 40.300 3.600 95.476
39.700 0.000 95.171 40.300 3.600 95.771
39.700 0.000 95.465 40.300 3.600 96.065
39.700 0.000 95.759 40.300 3.600 96.359
39.700 0.000 96.053 40.300 3.600 96.653
39.700 0.000 96.347 40.300 3.600 96.947
39.700 0.000 96.641 40.300 3.600 97.241
39.700 0.000 96.935 40.300 3.600 97.535
39.700 0.000 97.229 40.300 3.600 97.829
39.700 0.000 97.524 40.300 3.600 98.124
39.700 0.000 97.818 40.300 3.600 98.418
39.700 0.000 98.112 40.300 3.600 98.712
39.700 0.000 98.406 40.300 3.600 99.006
39.700 0.000 98.700 40.300 3.600 99.300
39.700 0.000 98.994 40.300 3.600 99.594
39.700 0.000 99.288 40.300 3.600 99.888
39.700 0.000 99.582 40.300 3.600 100.182
39.700 0.000 99.876 40.300 3.600 100.476
39.700 0.000 100.171 40.300 3.600 100.771
39.700 0.000 100.465 40.300 3.600 101.065
39.700 0.000 100.759 40.300 3.600 101.359
39.700 0.000 101.053 40.300 3.600 101.653
39.700 0.000 101.347 40.300 3.600 101.947
39.700 0.000 101.641 40.300 3.600 102.241
39.700 0.000 101.935 40.300 3.600 102.535
39.700 0.000 102.229 40.300 3.600 102.829
39.700 0.000 102.524 40.300 3.600 103.124
39.700 0.000 102.818 40.300 3.600 103.418
39.700 0.000 103.112 40.300 3.600 103.712
39.700 0.000 103.406 40.300 3.600 104.006
39.700 0.000 103.700 40.300 3.600 104.300
39.700 0.000 103.700 40.300 3.600 104.300
40.000 0.000 103.700 40.600 3.600 104.300
40.300 0.000 103.700 40.900 3.600 104.300
40.600 0.000 103.700 41.200 3.600 104.300
40.900 0.000 103.700 41.500 3.600 104.300
41.200 0.000 103.700 41.800 3.600 104.300
41.500 0.000 103.700 42.100 3.600 104.300
41.800 0.000 103.700 42.400 3.600 104.300
42.100 0.000 103.700 42.700 3.600 104.300
42.400 0.000 103.700 43.000 3.600 104.300
42.700 0.000 103.700 43.300 3.600 104.300
43.000 0.000 103.700 43.600 3.600 104.300
43.300 0.000 103.700 43.900 3.600 104.300
43.600 0.000 103.700 44.200 3.600 104.300
43.900 0.000 103.700 44.500 3.600 104.300
44.200 0.000 103.700 44.800 3.600 104.300
44.500 0.000 103.700 45.100 3.600 104.300
44.800 0.000 103.700 45.400 3.600 104.300
45.100 0.000 103.700 45.700 3.600 104.300
45.400 0.000 103.700 46.000 3.600 104.300
45.700 0.000 103.700 46.300 3.600 104.300
46.000 0.000 103.700 46.600 3.600 104.300
46.300 0.000 103.700 46.900 3.600 104.300
46.600 0.000 103.700 47.200 3.600 104.300
46.900 0.000 103.700 47.500 3.600 104.300
47.200 0.000 103.700 47.800 3.600 104.300
47.500 0.000 103.700 48.100 3.600 104.300
47.800 0.000 103.700 48.400 3.600 104.300
48.100 0.000 103.700 48.700 3.600 104.300
48.400 0.000 103.700 49.000 3.600 104.300
48.700 0.000 103.700 49.300 3.600 104.300
49.000 0.000 103.700 49.600 3.600 104.300
49.300 0.000 103.700 49.900 3.600 104.300
49.600 0.000 103.700 50.200 3.600 104.300
49.900 0.000 103.700 50.500 3.600 104.300
50.200 0.000 103.700 50.800 3.600 104.300
50.500 0.000 103.700 51.100 3.600 104.300
50.800 0.000 103.700 51.400 3.600 104.300
51.100 0.000 103.700 51.700 3.600 104.300
51.400 0.000 103.700 52.000 3.600 104.300
51.700 0.000 103.700 52.300 3.600 104.300
51.700 0.000 103.700 52.300 3.600 104.300
51.700 0.000 103.994 52.300 3.600 104.594
51.700 0.000 104.288 52.300 3.600 104.888
51.700 0.000 104.582 52.300 3.600 105.182
51.700 0.000 104.876 52.300 3.600 105.476
51.700 0.000 105.171 52.300 3.600 105.771
51.700 0.000 105.465 52.300 3.600 106.065
51.700 0.000 105.759 52.300 3.600 106.359
51.700 0.000 106.053 52.300 3.600 106.653
51.700 0.000 106.347 52.300 3.600 106.947
51.700 0.000 106.641 52.300 3.600 107.241
51.700 0.000 106.935 52.300 3.600 107.535
51.700 0.000 107.229 52.300 3.600 107.829
51.700 0.000 107.524 52.300 3.600 108.124
51.700 0.000 107.818 52.300 3.600 108.418
51.700 0.000 108.112 52.300 3.600 108.712
51.700 0.000 108.406 52.300 3.600 109.006
51.700 0.000 108.700 52.300 3.600 109.300
51.700 0.000 108.994 52.300 3.600 109.594
51.700 0.000 109.288 52.300 3.600 109.888
51.700 0.000 109.582 52.300 3.600 110.182
51.700 0.000 109.876 52.300 3.600 110.476
51.700 0.000 110.171 52.300 3.600 110.771
51.700 0.000 110.465 52.300 3.600 111.065
51.700 0.000 110.759 52.300 3.600 111.359
51.700 0.000 111.053 52.300 3.600 111.653
51.700 0.000 111.347 52.300 3.600 111.947
51.700 0.000 111.641 52.300 3.600 112.241
51.700 0.000 111.935 52.300 3.600 112.535
51.700 0.000 112.229 52.300 3.600 112.829
51.700 0.000 112.524 52.300 3.600 113.124
51.700 0.000 112.818 52.300 3.600 113.418
51.700 0.000 113.112 52.300 3.600 113.712
51.700 0.000 113.406 52.300 3.600 114.006
51.700 0.000 113.700 52.300 3.600 114.300
51.700 0.000 113.700 52.300 3.600 114.300
51.406 0.000 113.700 52.006 3.600 114.300
51.112 0.000 113.700 51.712 3.600 114.300
50.818 0.000 113.700 51.418 3.600 114.300
50.524 0.000 113.700 51.124 3.600 114.300
50.229 0.000 113.700 50.829 3.600 114.300
49.935 0.000 113.700 50.535 3.600 114.300
49.641 0.000 113.700 50.241 3.600 114.300
49.347 0.000 113.700 49.947 3.600 114.300
49.053 0.000 113.700 49.653 3.600 114.300
48.759 0.000 113.700 49.359 3.600 114.300
48.465 0.000 113.700 49.065 3.600 114.300
48.171 0.000 113.700 48.771 3.600 114.300
47.876 0.000 113.700 48.476 3.600 114.300
47.582 0.000 113.700 48.182 3.600 114.300
47.288 0.000 113.700 47.888 3.600 114.300
46.994 0.000 113.700 47.594 3.600 114.300
46.700 0.000 113.700 47.300 3.600 114.300
46.406 0.000 113.700 47.006 3.600 114.300
46.112 0.000 113.700 46.712 3.600 114.300
45.818 0.000 113.700 46.418 3.600 114.300
45.524 0.000 113.700 46.124 3.600 114.300
45.229 0.000 113.700 45.829 3.600 114.300
44.935 0.000 113.700 45.535 3.600 114.300
44.641 0.000 113.700 45.241 3.600 114.300
44.347 0.000 113.700 44.947 3.600 114.300
44.053 0.000 113.700 44.653 3.600 114.300
43.759 0.000 113.700 44.359 3.600 114.300
43.465 0.000 113.700 44.065 3.600 114.300
43.171 0.000 113.700 43.771 3.600 114.300
42.876 0.000 113.700 43.476 3.600 114.300
42.582 0.000 113.700 43.182 3.600 114.300
42.288 0.000 113.700 42.888 3.600 114.300
41.994 0.000 113.700 42.594 3.600 114.300
41.700 0.000 113.700 42.300 3.600 114.300
41.700 0.000 113.700 42.300 3.600 114.300
41.700 0.000 113.994 42.300 3.600 114.594
41.700 0.000 114.288 42.300 3.600 114.888
41.700 0.000 114.582 42.300 3.600 115.182
41.700 0.000 114.876 42.300 3.600 115.476
41.700 0.000 115.171 42.300 3.600 115.771
41.700 0.000 115.465 42.300 3.600 116.065
41.700 0.000 115.759 42.300 3.600 116.359
41.700 0.000 116.053 42.300 3.600 116.653
41.700 0.000 116.347 42.300 3.600 116.947
41.700 0.000 116.641 42.300 3.600 117.241
41.700 0.000 116.935 42.300 3.600 117.535
41.700 0.000 117.229 42.300 3.600 117.829
41.700 0.000 117.524 42.300 3.600 118.124
41.700 0.000 117.818 42.300 3.600 118.418
41.700 0.000 118.112 42.300 3.600 118.712
41.700 0.000 118.406 42.300 3.600 119.006
41.700 0.000 118.700 42.300 3.600 119.300
41.700 0.000 118.994 42.300 3.600 119.594
41.700 0.000 119.288 42.300 3.600 119.888
41.700 0.000 119.582 42.300 3.600 120.182
41.700 0.000 119.876 42.300 3.600 120.476
41.700 0.000 120.171 42.300 3.600 120.771
41.700 0.000 120.465 42.300 3.600 121.065
41.700 0.000 120.759 42.300 3.600 121.359
41.700 0.000 121.053 42.300 3.600 121.653
41.700 0.000 121.347 42.300 3.600 121.947
41.700 0.000 121.641 42.300 3.600 122.241
41.700 0.000 121.935 42.300 3.600 122.535
41.700 0.000 122.229 42.300 3.600 122.829
41.700 0.000 122.524 42.300 3.600 123.124
41.700 0.000 122.818 42.300 3.600 123.418
41.700 0.000 123.112 42.300 3.600 123.712
41.700 0.000 123.406 42.300 3.600 124.006
41.700 0.000 123.700 42.300 3.600 124.300
41.700 0.000 123.700 42.300 3.600 124.300
41.998 0.000 123.700 42.598 3.600 124.300
42.296 0.000 123.700 42.896 3.600 124.300
42.594 0.000 123.700 43.194 3.600 124.300
42.891 0.000 123.700 43.491 3.600 124.300
43.189 0.000 123.700 43.789 3.600 124.300
43.487 0.000 123.700 44.087 3.600 124.300
43.785 0.000 123.700 44.385 3.600 124.300
44.083 0.000 123.700 44.683 3.600 124.300
44.381 0.000 123.700 44.981 3.600 124.300
44.679 0.000 123.700 45.279 3.600 124.300
44.977 0.000 123.700 45.577 3.600 124.300
45.274 0.000 123.700 45.874 3.600 124.300
45.572 0.000 123.700 46.172 3.600 124.300
45.870 0.000 123.700 46.470 3.600 124.300
46.168 0.000 123.700 46.768 3.600 124.300
46.466 0.000 123.700 47.066 3.600 124.300
46.764 0.000 123.700 47.364 3.600 124.300
47.062 0.000 123.700 47.662 3.600 124.300
47.360 0.000 123.700 47.960 3.600 124.300
47.657 0.000 123.700 48.257 3.600 124.300
47.955 0.000 123.700 48.555 3.600 124.300
48.253 0.000 123.700 48.853 3.600 124.300
48.551 0.000 123.700 49.151 3.600 124.300
48.849 0.000 123.700 49.449 3.600 124.300
49.147 0.000 123.700 49.747 3.600 124.300
49.445 0.000 123.700 50.045 3.600 124.300
49.743 0.000 123.700 50.343 3.600 124.300
50.040 0.000 123.700 50.640 3.600 124.300
50.338 0.000 123.700 50.938 3.600 124.300
50.636 0.000 123.700 51.236 3.600 124.300
50.934 0.000 123.700 51.534 3.600 124.300
51.232 0.000 123.700 51.832 3.600 124.300
51.530 0.000 123.700 52.130 3.600 124.300
51.828 0.000 123.700 52.428 3.600 124.300
52.126 0.000 123.700 52.726 3.600 124.300
52.423 0.000 123.700 53.023 3.600 124.300
52.721 0.000 123.700 53.321 3.600 124.300
53.019 0.000 123.700 53.619 3.600 124.300
53.317 0.000 123.700 53.917 3.600 124.300
53.615 0.000 123.700 54.215 3.600 124.300
53.913 0.000 123.700 54.513 3.600 124.300
54.211 0.000 123.700 54.811 3.600 124.300
54.509 0.000 123.700 55.109 3.600 124.300
54.806 0.000 123.700 55.406 3.600 124.300
55.104 0.000 123.700 55.704 3.600 124.300
55.402 0.000 123.700 56.002 3.600 124.300
55.700 0.000 123.700 56.300 3.600 124.300
55.700 0.000 123.700 56.300 3.600 124.300
55.700 0.000 124.000 56.300 3.600 124.600
55.700 0.000 124.300 56.300 3.600 124.900
55.700 0.000 124.600 56.300 3.600 125.200
55.700 0.000 124.900 56.300 3.600 125.500
55.700 0.000 125.200 56.300 3.600 125.800
55.700 0.000 125.500 56.300 3.600 126.100
55.700 0.000 125.800 56.300 3.600 126.400
55.700 0.000 126.100 56.300 3.600 126.700
55.700 0.000 126.400 56.300 3.600 127.000
55.700 0.000 126.700 56.300 3.600 127.300
55.700 0.000 127.000 56.300 3.600 127.600
55.700 0.000 127.300 56.300 3.600 127.900
55.700 0.000 127.600 56.300 3.600 128.200
55.700 0.000 127.900 56.300 3.600 128.500
55.700 0.000 128.200 56.300 3.600 128.800
55.700 0.000 128.500 56.300 3.600 129.100
55.700 0.000 128.800 56.300 3.600 129.400
55.700 0.000 129.100 56.300 3.600 129.700
55.700 0.000 129.400 56.300 3.600 130.000
55.700 0.000 129.700 56.300 3.600 130.300
55.700 0.000 130.000 56.300 3.600 130.600
55.700 0.000 130.300 56.300 3.600 130.900
55.700 0.000 130.600 56.300 3.600 131.200
55.700 0.000 130.900 56.300 3.600 131.500
55.700 0.000 131.200 56.300 3.600 131.800
55.700 0.000 131.500 56.300 3.600 132.100
55.700 0.000 131.800 56.300 3.600 132.400
55.700 0.000 132.100 56.300 3.600 132.700
55.700 0.000 132.400 56.300 3.600 133.000
55.700 0.000 132.700 56.300 3.600 133.300
55.700 0.000 133.000 56.300 3.600 133.600
55.700 0.000 133.300 56.300 3.600 133.900
55.700 0.000 133.600 56.300 3.600 134.200
55.700 0.000 133.900 56.300 3.600 134.500
55.700 0.000 134.200 56.300 3.600 134.800
55.700 0.000 134.500 56.300 3.600 135.100
55.700 0.000 134.800 56.300 3.600 135.400
55.700 0.000 135.100 56.300 3.600 135.700
55.700 0.000 135.400 56.300 3.600 136.000
55.700 0.000 135.700 56.300 3.600 136.300
13.700 0.000 85.700 14.300 3.600 86.300
13.700 0.000 85.994 14.300 3.600 86.594
13.700 0.000 86.288 14.300 3.600 86.888
13.700 0.000 86.582 14.300 3.600 87.182
13.700 0.000 86.876 14.300 3.600 87.476
13.700 0.000 87.171 14.300 3.600 87.771
13.700 0.000 87.465 14.300 3.600 88.065
13.700 0.000 87.759 14.300 3.600 88.359
13.700 0.000 88.053 14.300 3.600 88.653
13.700 0.000 88.347 14.300 3.600 88.947
13.700 0.000 88.641 14.300 3.600 89.241
13.700 0.000 88.935 14.300 3.600 89.535
13.700 0.000 89.229 14.300 3.600 89.829
13.700 0.000 89.524 14.300 3.600 90.124
13.700 0.000 89.818 14.300 3.600 90.418
13.700 0.000 90.112 14.300 3.600 90.712
13.700 0.000 90.406 14.300 3.600 91.006
13.700 0.000 90.700 14.300 3.600 91.300
13.700 0.000 90.994 14.300 3.600 91.594
13.700 0.000 91.288 14.300 3.600 91.888
13.700 0.000 91.582 14.300 3.600 92.182
13.700 0.000 91.876 14.300 3.600 92.476
13.700 0.000 92.171 14.300 3.600 92.771
13.700 0.000 92.465 14.300 3.600 93.065
13.700 0.000 92.759 14.300 3.600 93.359
13.700 0.000 93.053 14.300 3.600 93.653
13.700 0.000 93.347 14.300 3.600 93.947
13.700 0.000 93.641 14.300 3.600 94.241
13.700 0.000 93.935 14.300 3.600 94.535
13.700 0.000 94.229 14.300 3.600 94.829
13.700 0.000 94.524 14.300 3.600 95.124
13.700 0.000 94.818 14.300 3.600 95.418
13.700 0.000 95.112 14.300 3.600 95.712
13.700 0.000 95.406 14.300 3.600 96.006
13.700 0.000 95.700 14.300 3.600 96.300
13.700 0.000 95.700 14.300 3.600 96.300
14.000 0.000 95.700 14.600 3.600 96.300
14.300 0.000 95.700 14.900 3.600 96.300
14.600 0.000 95.700 15.200 3.600 96.300
14.900 0.000 95.700 15.500 3.600 96.300
15.200 0.000 95.700 15.800 3.600 96.300
15.500 0.000 95.700 16.100 3.600 96.300
15.800 0.000 95.700 16.400 3.600 96.300
16.100 0.000 95.700 16.700 3.600 96.300
16.400 0.000 95.700 17.000 3.600 96.300
16.700 0.000 95.700 17.300 3.600 96.300
17.000 0.000 95.700 17.600 3.600 96.300
17.300 0.000 95.700 17.900 3.600 96.300
17.600 0.000 95.700 18.200 3.600 96.300
17.900 0.000 95.700 18.500 3.600 96.300
18.200 0.000 95.700 18.800 3.600 96.300
18.500 0.000 95.700 19.100 3.600 96.300
18.800 0.000 95.700 19.400 3.600 96.300
19.100 0.000 95.700 19.700 3.600 96.300
19.400 0.000 95.700 20.000 3.600 96.300
19.700 0.000 95.700 20.300 3.600 96.300
9.700 0.000 67.700 10.300 3.600 68.300
9.700 0.000 67.994 10.300 3.600 68.594
9.700 0.000 68.288 10.300 3.600 68.888
9.700 0.000 68.582 10.300 3.600 69.182
9.700 0.000 68.876 10.300 3.600 69.476
9.700 0.000 69.171 10.300 3.600 69.771
9.700 0.000 69.465 10.300 3.600 70.065
9.700 0.000 69.759 10.300 3.600 70.359
9.700 0.000 70.053 10.300 3.600 70.653
9.700 0.000 70.347 10.300 3.600 70.947
9.700 0.000 70.641 10.300 3.600 71.241
9.700 0.000 70.935 10.300 3.600 71.535
9.700 0.000 71.229 10.300 3.600 71.829
9.700 0.000 71.524 10.300 3.600 72.124
9.700 0.000 71.818 10.300 3.600 72.418
9.700 0.000 72.112 10.300 3.600 72.712
9.700 0.000 72.406 10.300 3.600 73.006
9.700 0.000 72.700 10.300 3.600 73.300
9.700 0.000 72.994 10.300 3.600 73.594
9.700 0.000 73.288 10.300 3.600 73.888
9.700 0.000 73.582 10.300 3.600 74.182
9.700 0.000 73.876 10.300 3.600 74.476
9.700 0.000 74.171 10.300 3.600 74.771
9.700 0.000 74.465 10.300 3.600 75.065
9.700 0.000 74.759 10.300 3.600 75.359
9.700 0.000 75.053 10.300 3.600 75.653
9.700 0.000 75.347 10.300 3.600 75.947
9.700 0.000 75.641 10.300 3.600 76.241
9.700 0.000 75.935 10.300 3.600 76.535
9.700 0.000 76.229 10.300 3.600 76.829
9.700 0.000 76.524 10.300 3.600 77.124
9.700 0.000 76.818 10.300 3.600 77.418
9.700 0.000 77.112 10.300 3.600 77.712
9.700 0.000 77.406 10.300 3.600 78.006
9.700 0.000 77.700 10.300 3.600 78.300
9.700 0.000 77.700 10.300 3.600 78.300
9.406 0.000 77.700 10.006 3.600 78.300
9.112 0.000 77.700 9.712 3.600 78.300
8.818 0.000 77.700 9.418 3.600 78.300
8.524 0.000 77.700 9.124 3.600 78.300
8.229 0.000 77.700 8.829 3.600 78.300
7.935 0.000 77.700 8.535 3.600 78.300
7.641 0.000 77.700 8.241 3.600 78.300
7.347 0.000 77.700 7.947 3.600 78.300
7.053 0.000 77.700 7.653 3.600 78.300
6.759 0.000 77.700 7.359 3.600 78.300
6.465 0.000 77.700 7.065 3.600 78.300
6.171 0.000 77.700 6.771 3.600 78.300
5.876 0.000 77.700 6.476 3.600 78.300
5.582 0.000 77.700 6.182 3.600 78.300
5.288 0.000 77.700 5.888 3.600 78.300
4.994 0.000 77.700 5.594 3.600 78.300
4.700 0.000 77.700 5.300 3.600 78.300
4.700 0.000 77.700 5.300 3.600 78.300
4.700 0.000 77.400 5.300 3.600 78.000
4.700 0.000 77.100 5.300 3.600 77.700
4.700 0.000 76.800 5.300 3.600 77.400
4.700 0.000 76.500 5.300 3.600 77.100
4.700 0.000 76.200 5.300 3.600 76.800
4.700 0.000 75.900 5.300 3.600 76.500
4.700 0.000 75.600 5.300 3.600 76.200
4.700 0.000 75.300 5.300 3.600 75.900
4.700 0.000 75.000 5.300 3.600 75.600
4.700 0.000 74.700 5.300 3.600 75.300
4.700 0.000 74.400 5.300 3.600 75.000
4.700 0.000 74.100 5.300 3.600 74.700
4.700 0.000 73.800 5.300 3.600 74.400
4.700 0.000 73.500 5.300 3.600 74.100
4.700 0.000 73.200 5.300 3.600 73.800
4.700 0.000 72.900 5.300 3.600 73.500
4.700 0.000 72.600 5.300 3.600 73.200
4.700 0.000 72.300 5.300 3.600 72.900
4.700 0.000 72.000 5.300 3.600 72.600
4.700 0.000 71.700 5.300 3.600 72.300
4.700 0.000 71.700 5.300 3.600 72.300
4.406 0.000 71.700 5.006 3.600 72.300
4.112 0.000 71.700 4.712 3.600 72.300
3.818 0.000 71.700 4.418 3.600 72.300
3.524 0.000 71.700 4.124 3.600 72.300
3.229 0.000 71.700 3.829 3.600 72.300
2.935 0.000 71.700 3.535 3.600 72.300
2.641 0.000 71.700 3.241 3.600 72.300
2.347 0.000 71.700 2.947 3.600 72.300
2.053 0.000 71.700 2.653 3.600 72.300
1.759 0.000 71.700 2.359 3.600 72.300
1.465 0.000 71.700 2.065 3.600 72.300
1.171 0.000 71.700 1.771 3.600 72.300
0.876 0.000 71.700 1.476 3.600 72.300
0.582 0.000 71.700 1.182 3.600 72.300
0.288 0.000 71.700 0.888 3.600 72.300
-0.006 0.000 71.700 0.594 3.600 72.300
-0.300 0.000 71.700 0.300 3.600 72.300
